code,type,origin,destination,place
113201,آزادراه,قم,گرمسار,چرمشهر
113202,,شهریار,کرج,هفت جوی
113203,آزادراه,تهران,قم,مجتمع یاس
113206,آزادراه,تهران,پردیس,عوارضی پردیس
113207,آزادراه,تهران,پردیس,بومهن
113208,آزادراه,ساوه,تهران,رباط کریم-تهران
113209,,تهران,پاکدشت,
113210,آزادراه,تهران,قم,عوارضی تهران
113212,,امام زاده داوود,تهران,
113213,,تهران,لواسانات,طلائیه
113214,,تهران,لواسانات,سوهانک
113228,آزادراه,تهران,ساوه,پرند
113229,جاده قدیم,تهران,قم,حسن آباد) (متناظر توزین
113243,جاده قدیم,تهران,قم,حسن‌آباد - نعلبندان
113249,آزادراه,تهران,شمال,قطعه اول - محدوده عوارضی تهران
113251,آزادراه,گرمسار,قم,چرمشهر
113252,,کرج,شهریار,هفت جوی
113253,آزادراه,قم,تهران,مجتمع یاس
113256,آزادراه,پردیس,تهران,عوارضی پردیس
113257,آزادراه,پردیس,تهران,بومهن
113258,آزادراه,تهران,ساوه,تهران-رباط کریم
113259,,پاکدشت,تهران,
113260,آزادراه,قم,تهران,عوارضی تهران
113262,,تهران,امام زاده داوود,
113263,,لواسانات,تهران,طلائیه
113264,,لواسانات,تهران,سوهانک
113278,آزادراه,ساوه,تهران,پرند
113293,جاده قدیم,قم,تهران,نعلبندان - حسن‌آباد
113299,آزادراه,شمال,تهران,قطعه اول - محدوده عواضی تهران
113302,,اسلامشهر,آزادراه تهران، قم,
113341,آزادراه,تهران,شمال,قطعه اول - بعد از تونل 12
113352,آزادراه,تهران، قم,اسلامشهر,
113353,,شهریار,آدران,
113391,آزادراه,شمال,تهران,قطعه اول - بعد از تونل 12
113401,,آبسرد,ایوانکی,آبسرد - دوآب
113403,,رودهن,دماوند,
113404,,دماوند,فیروزکوه,امین‌آباد - سه‌راه ارجمند
113408,,آبعلی,پلور,آبعلی - سه‌راهی مشاء
113413,,آبعلی,پلور,سه‌راهی مشاء - امامزاده هاشم
113414,کمربندی,جنوبی رودهن,,پردیس - دماوند
113415,,فیروزکوه,سمنان,فیروزکوه
113416,,فیروزکوه,دماوند,آبسرد - گیلاوند
113417,,دماوند,فیروزکوه,آبسرد - سربندان
113418,,دماوند,فیروزکوه,سربندان - امین‌آباد
113419,,دماوند,فیروزکوه,دماوند - آبسرد
113424,,رودهن,آبعلی,
113428,جاده,مخصوص تهران,کرج,وردآورد
113451,,ایوانکی,آبسرد,دوآب - آبسرد
113453,,دماوند,رودهن,
113454,,فیروزکوه,دماوند,سه‌راه ارجمند - امین‌آباد
113458,,پلور,آبعلی,سه‌راهی مشاء - آبعلی
113463,,پلور,آبعلی,امامزاده هاشم - سه‌راهی مشاء
113464,کمربندی,جنوبی رودهن,,دماوند - پردیس
113465,,سمنان,فیروزکوه,فیروزکوه
113466,,دماوند,فیروزکوه,گیلاوند - آبسرد
113467,,فیروزکوه,دماوند,سربندان - آبسرد
113468,,فیروزکوه,دماوند,امین‌آباد - سربندان
113469,,فیروزکوه,دماوند,آبسرد - دماوند
113474,,آبعلی,رودهن,
113478,جاده,مخصوص کرج,تهران,وردآورد
113501,,فیروزکوه,گدوک,
113502,,دماوند,فیروزکوه,سه‌راهی ارجمند - فیروزکوه
113551,,گدوک,فیروزکوه,
113552,,فیروزکوه,دماوند,فیروزکوه - سه‌راهی ارجمند
113601,,رباط‌کریم,حسن‌آباد,وهن آباد - جاده قدیم قم
113603,آزادراه,تهران، قم,فرودگاه امام خمینی,
113604,آزادراه,تهران,قم,بین فرودگاه و حسن آباد
113612,عوارضی,آزادراه قم,تهران,بهشت زهرا)(مجموع گیت ها
113651,,حسن‌آباد,رباط‌کریم,جاده قدیم قم - وهن آباد
113653,,فرودگاه امام خمینی,آزادراه قم، تهران,
113654,آزادراه,قم,تهران,بین فرودگاه و حسن آباد
113701,جاده,دسترسی احمدآباد مستوفی(آزادگان,اسلامشهر),
113751,جاده,دسترسی احمدآباد مستوفی(اسلامشهر,آزادگان),
113801,,لواسانات,فشم,
113802,,فشم,میگون,
113805,,تهران,لواسانات,تلو
113810,عوارضی,آزادراه تهران,پردیس,فاز8 ) (مجموع گیت ها
113813,,تهران,جاجرود,متناظر توزین
113815,,جاجرود,لتیان,
113851,,فشم,لواسانات,
113852,,میگون,فشم,
113855,,لواسانات,تهران,تلو
113860,عوارضی,آزادراه پردیس,تهران,فاز11) (مجموع گیت ها
113863,,جاجرود,تهران,
113865,,لتیان,جاجرود,
113903,,تهران,شهریار,باغستان
113904,,تهران,شهریار,شهر قدس
113913,,شهریار(بلوار ولیعصر),ملارد,
113953,,شهریار,تهران,باغستان
113954,,شهریار,تهران,شهر قدس
113963,,ملارد,شهریار,بلوار ولیعصر
114101,,تهران,حسن آباد,جاده قدیم قم
114102,جاده قدیم,تهران,ساوه,رباط‌کریم - پرند
114103,,رباط کریم,شهریار,
114110,عوارضی,آزادراه ساوه,تهران,تهران)(مجموع گیت ها
114152,جاده قدیم,ساوه,تهران,پرند - رباط‌کریم
114153,,شهریار,رباط کریم,
114160,عوارضی,آزادراه تهران,ساوه,تهران)(مجموع گیت ها
114206,,تهران,وردآورد,همت
114256,,وردآورد,تهران,همت
114301,کمربندی,دوم تهران,,جاده ورامین - شورآباد
114302,,ری,قرچک,
114304,,ورامین,چرمشهر,
114307,آزادراه,چرمشهر,آبیک,چرمشهر
114308,آزادراه,چرمشهر,آبیک,تقاطع آزادراه تهران - ساوه
114309,آزادراه,چرمشهر,آبیک,تقاطع اخترآباد
114351,کمربندی,دوم تهران,,شورآباد - جاده ورامین
114352,,قرچک,ری,
114354,,چرمشهر,ورامین,
114357,آزادراه,آبیک,چرمشهر,چرمشهر
114358,آزادراه,آبیک,چرمشهر,تقاطع آزادراه تهران - ساوه
114359,آزادراه,آبیک,چرمشهر,تقاطع اخترآباد
114401,,پاکدشت,شریف آباد,
114413,,شریف آباد,گرمسار,
114451,,شریف آباد,پاکدشت,
114463,,گرمسار,شریف آباد,
114501,آزادراه,تهران,کرج,عوارضی قدیم
114551,آزادراه,کرج,تهران,عوارضی قدیم
143101,جاده قدیم,قم,کاشان,سه‌راه لنگرود - تقاطع آزادراه
143102,جاده قدیم,قم,تهران,قم - شکوهیه
143103,جاده قدیم,ساوه,سلفچگان,سه‌راه تفرش - سلفچگان
143104,,سلفچگان,دلیجان,سلفچگان
143105,,قم,سلفچگان,قم
143107,آزادراه,قم,تهران,نعلبندان
143108,آزادراه,قم,کاشان,تقاطع جاده قدیم - مشکات
143109,آزادراه,سلفچگان,ساوه,سلفچگان - جاده تفرش
143111,,قم,قنوات,
143112,,سه راه لنگرود,کهک,
143113,,پردیسان,ورجان,
143115,آزادراه,قم,گرمسار,قم
143116,آزادراه,قم,کاشان,قم - تقاطع جاده قدیم
143117,آزادراه,تهران,قم,رستوران مهتاب
143118,,قم,سلفچگان,
143119,,جمکران,پل جاده کاشان,
143120,,جمکران,قم,بلوار پیامبر اعظم
143122,,فوجرد,تفرش,مرز استان
143123,کمربندی,قم,,قم - کاشان
143124,کمربندی,قم,,قم - اراک
143129,آزادراه,سلفچگان,ساوه,سه‌راه تفرش - آوه
143130,,سلفچگان,دلیجان,مجتمع دلفین
143131,جاده قدیم,قم,تهران,شکوهیه - علی‌آباد
143132,جاده قدیم,سلفچگان,ساوه,سه‌راه تفرش - آوه
143133,آزادراه,قم,تهران,علی‌آباد
143134,,قم,جعفریه,
143135,جاده قدیم,قم,کاشان,تقاطع آزادراه - سن سن
143136,جاده قدیم,سلفچگان,ساوه,سلفچگان
143137,آزادراه,قم,گرمسار,عوارضی قم - چرمشهر
143151,جاده قدیم,کاشان,قم,تقاطع آزادراه - سه‌راه لنگرود
143152,جاده قدیم,تهران,قم,شکوهیه - قم
143153,جاده قدیم,سلفچگان,ساوه,سلفچگان - سه‌راه تفرش
143154,,دلیجان,سلفچگان,سلفچگان
143155,,سلفچگان,قم,قم
143157,آزادراه,تهران,قم,نعلبندان
143158,آزادراه,کاشان,قم,مشکات - تقاطع جاده قدیم
143159,آزادراه,ساوه,سلفچگان,سه‌راه تفرش - سلفچگان
143161,,قنوات,قم,
143162,,کهک,سه راه لنگرود,
143163,,ورجان,پردیسان,
143165,آزادراه,گرمسار,قم,قم
143166,آزادراه,کاشان,قم,تقاطع جاده قدیم - قم
143167,آزادراه,قم,تهران,رستوران مهتاب
143168,,سلفچگان,قم,
143169,,پل جاده کاشان,جمکران,
143170,,قم,جمکران,بلوار پیامبر اعظم
143172,,تفرش,فوجرد,مرز استان
143173,کمربندی,قم,,کاشان - قم
143174,کمربندی,قم,,اراک - قم
143175,,راهجرد,سلفچگان,
143179,آزادراه,ساوه,سلفچگان,آوه - سه‌راه تفرش
143180,,دلیجان,سلفچگان,مجتمع دلفین
143181,جاده قدیم,تهران,قم,علی‌آباد - شکوهیه
143182,جاده قدیم,ساوه,سلفچگان,آوه - سه‌راه تفرش
143183,آزادراه,تهران,قم,علی‌آباد
143184,,جعفریه,قم,
143185,جاده قدیم,کاشان,قم,سن سن - تقاطع آزادراه
143186,جاده قدیم,ساوه,سلفچگان,سلفچگان
143187,آزادراه,گرمسار,قم,چرمشهر - عوارضی قم
143201,,قم,جمکران,بلوار انتظار
143202,عوارضی,قم,کاشان,
143203,,سلفچگان,دستجرد,
143212,,قم رود,کوه سفید,
143220,آزادراه,تهران,قم,مجموع گیت های عوارضی قم
143223,جاده قدیم,کاشان,قم,متناظر توزین
143225,,قم,نیزار,کارخانه سیمان
143251,,جمکران,قم,بلوار انتظار
143252,,کاشان,عوارضی قم,
143253,,دستجرد,سلفچگان,
143262,,کوه سفید,قم رود,
143275,,نیزار,قم,کارخانه سیمان
143301,,جمکران,کوه خضر,
143351,,کوه خضر,جمکران,
149905,,قم,جعفریه,دوربین
149955,,جعفریه,قم,دوربین
153101,جاده قدیم,قزوین,رشت,کوهین - لوشان
153103,جاده قدیم,قزوین,کرج,قزوین - آبیک
153104,آزادراه,قزوین,زنجان,تاکستان - مرز استان
153105,آزادراه,قزوین,رشت,قزوین - محمودآباد
153106,آزادراه,قزوین,رشت,محمودآباد - کوهین
153107,آزادراه,قزوین,رشت,کوهین - مرز استان
153110,آزادراه,قزوین,کرج,عوارضی 2 قزوین
153111,آزادراه,قزوین,کرج,آبیک
153112,آزادراه,قزوین,زنجان,اقبالیه
153113,آزادراه,قزوین,زنجان,تاکستان
153114,آزادراه,قزوین,کرج,3کیلومتر مانده به عوارضی 1 قزوین
153122,آزادراه,قزوین,زنجان,کنارگذر قزوین
153123,,قزوین,معلم کلایه,
153135,آزادراه,کنارگذر زنجان,قزوین,بعد از عوارضی 3
153136,آزادراه,قزوین,آبیک,عوارضی 1 قزوین
153137,آزادراه,قزوین,آبیک,بعد از عوارضی2
153138,,شهر صنعتی البرز,آبیک,قبل از عوارضی2
153139,,,,
153140,,قزوین,بهرام آباد,
153141,,آوج,رزن,سلطانبلاغ
153151,جاده قدیم,رشت,قزوین,لوشان - کوهین
153153,جاده قدیم,کرج,قزوین,آبیک - قزوین
153154,آزادراه,زنجان,قزوین,مرز استان - تاکستان
153155,آزادراه,رشت,قزوین,محمودآباد - قزوین
153156,آزادراه,رشت,قزوین,کوهین - محمودآباد
153157,آزادراه,رشت,قزوین,مرز استان - کوهین
153160,آزادراه,کرج,قزوین,عوارضی 2 قزوین
153161,آزادراه,کرج,قزوین,آبیک
153162,آزادراه,زنجان,قزوین,اقبالیه) (متناظر توزین
153163,آزادراه,زنجان,قزوین,تاکستان
153164,آزادراه,کرج,قزوین,3کیلومتر بعد از عوارضی1 قزوین
153172,آزادراه,زنجان,قزوین,کنارگذر قزوین
153173,,معلم کلایه,قزوین,
153185,آزادراه,قزوین,زنجان,قبل از عوارضی3
153186,آزادراه,آبیک,قزوین,عوارضی 1 قزوین
153187,آزادراه,کنارگذر قزوین,زنجان,بعد از عوارضی 2
153189,,,,
153190,,بهرام آباد,قزوین,
153191,,رزن,آوج,سلطانبلاغ
153201,,قزوین,بوئین‌زهرا,
153202,,بوئین‌زهرا,ساوه,
153207,,بوئین‌زهرا,دانسفهان,
153208,,تاکستان,دانسفهان,
153221,,بوئین زهرا,اشتهارد,
153251,,بوئین‌زهرا,قزوین,
153252,,ساوه,بوئین‌زهرا,
153257,,دانسفهان,بوئین‌زهرا,متناظر توزین
153258,,دانسفهان,تاکستان,
153271,,اشتهارد,بوئین زهرا,
153301,جاده قدیم,قزوین,تاکستان,کهک - تاکستان
153303,,خرمدشت,آوج,سه‌راه رحیم‌آباد - آوج
153306,جاده قدیم,تاکستان,ابهر,تاکستان - ضیاآباد
153307,,تاکستان,خرمدشت,
153309,عوارضی,آزادراه قزوین،زنجان,تاکستان,مجموع گیت ها
153351,جاده قدیم,تاکستان,قزوین,تاکستان - کهک
153353,,آوج,خرمدشت,آوج - سه‌راهی رحیم‌آباد
153356,جاده قدیم,ابهر,تاکستان,ضیاآباد - تاکستان
153357,,خرمدشت,تاکستان,
153359,عوارضی,تاکستان,آزادراه قزوین،زنجان,مجموع گیت ها
153402,,آبیک,زیاران,
153403,,آبیک,طالقان,
153404,آزادراه,آبیک,چرم شهر,آبیک
153452,,زیاران,آبیک,
153453,,طالقان,آبیک,
153454,آزادراه,چرم شهر,آبیک,آبیک
163101,,ساری,کیاسر,شکتا
163102,,ساری,قائمشهر,
163103,,ساری,نکا,
163104,,خزرآباد,ساری,
163105,,ساری,جویبار,
163106,,سمنان,کیاسر,
163107,,فیروزکوه,قائمشهر,گدوک - ورسک
163110,,ساری,کیاسر,گرماب
163111,,ساری,کیاسر,کیاده
163151,,کیاسر,ساری,شکتا
163152,,قائمشهر,ساری,
163153,,نکا,ساری,متناظر توزین
163154,,ساری,خزرآباد,
163155,,جویبار,ساری,
163156,,کیاسر,سمنان,
163157,,قائمشهر,فیروزکوه,ورسک - گدوک
163160,,کیاسر,ساری,گرماب
163161,,کیاسر,ساری,کیاده
163201,,بابل,آمل,
163203,جاده قدیم,بابل,آمل,
163204,,گتاب,بابل,
163205,,آمل,محمودآباد,
163206,,بابلسر,زرگرشهر,
163207,,رودهن,آمل,پارک جنگلی آمل - آمل) (متناظر توزین
163208,,رودهن,آمل,پلور - گزنک
163212,,آمل,رودهن,پارک جنگلی - سه راه سنگچال
163213,,آمل,رودهن,سه راه سنگچال - شاه زید
163214,,آمل,رودهن,شاه زید - سه راه بلده
163215,,آمل,رودهن,سه راه بلده - پنجاب
163216,,آمل,رودهن,پنجاب - گزنک
163221,,رودهن,آمل,امامزاده هاشم- پلور
163251,,آمل,بابل,
163253,جاده قدیم,آمل,بابل,
163254,,بابل,گتاب,
163255,,محمودآباد,آمل,
163256,,زرگرشهر,بابلسر,
163257,,آمل,رودهن,آمل - پارک جنگلی آمل
163258,,آمل,رودهن,گزنک - پلور
163262,,رودهن,آمل,سه راه سنگچال - پارک جنگلی
163263,,رودهن,آمل,شاه زید - سه راه سنگچال
163264,,رودهن,آمل,سه راه بلده - شاه زید
163265,,رودهن,آمل,پنجاب - سه راه بلده
163266,,رودهن,آمل,گزنک - پنجاب
163271,,آمل,رودهن,پلور- امامزاده هاشم
163301,,بابل,بابلسر,
163302,,بابل,قائمشهر,
163305,,بابل,کیاکلا,
163320,کمربندی,جنوبی بابل,,بابل - آمل
163323,,بابل,گنج افروز,جنب دوربین ثبت تخلف
163351,,بابلسر,بابل,
163352,,قائمشهر,بابل,
163355,,کیاکلا,بابل,
163370,کمربندی,جنوبی بابل,,آمل - بابل
163373,,گنج افروز,بابل,جنب دوربین ثبت تخلف
163401,,فریدونکنار,محمودآباد,
163402,,بابلسر,فریدونکنار,
163403,,بابلسر,بهنمیر,
163404,,فریدون کنار,دابودشت,
163451,,محمودآباد,فریدونکنار,
163452,,فریدونکنار,بابلسر,
163453,,بهنمیر,بابلسر,
163454,,دابودشت,فریدون کنار,
163501,,بهشهر,گلوگاه,
163510,,گلوگاه,کردکوی,گلوگاه
163551,,گلوگاه,بهشهر,
163560,,کردکوی,گلوگاه,گلوگاه
163701,,محمودآباد,نور,
163751,,نور,محمودآباد,
163801,,تنکابن,رامسر,
163802,,عباس آباد,تنکابن,
163810,,چالوس,کلارآباد,
163811,,تنکابن,دوهزار,
163851,,رامسر,تنکابن,
163852,,تنکابن,عباس آباد,
163860,,کلارآباد,چالوس,
163861,,دوهزار,تنکابن,
163901,,رامسر,چابکسر,
163951,,چابکسر,رامسر,
164101,,قائمشهر,فیروزکوه,قائمشهر - شیرگاه
164104,,چالوس,کرج,دوآب - مرزن آباد
164105,,قائمشهر,فیروزکوه,شیرگاه - پل سفید
164106,,قائمشهر,فیروزکوه,پل سفید - گرزین خیل
164107,,قائمشهر,فیروزکوه,گرزین خیل - ورسک
164119,,فیروزکوه,قائمشهر,پل سفید - زیرآب) (متناظر توزین
164151,,فیروزکوه,قائمشهر,شیرگاه - قائمشهر
164154,,کرج,چالوس,مرزن آباد - دوآب
164155,,فیروزکوه,قائمشهر,پل سفید - شیرگاه
164156,,فیروزکوه,قائمشهر,گرزین خیل - پل سفید
164157,,فیروزکوه,قائمشهر,ورسک - گرزین خیل
164301,,جویبار,قائمشهر,
164351,,قائمشهر,جویبار,
164401,,نور,نوشهر,سی سنگان - نوشهر
164402,,نور,نوشهر,نور - سی سنگان
164451,,نوشهر,نور,نوشهر - سی سنگان
164452,,نوشهر,نور,سی سنگان - نور
164601,,چالوس,کرج,چالوس - دوآب
164602,,کلارآباد,عباس آباد,
164603,آزادراه,شمال,تهران,چالوس - مرزن‌آباد
164604,,کرج,چالوس,مکارود - مرزن آباد
164605,,چالوس,کرج,هزارچم - سیاه بیشه
164606,,چالوس,کرج,سیاه بیشه - کندوان
164609,آزادراه,تهران,شمال,دهانه شمالی تونل البرز
164621,,عباس آباد,کلاردشت,
164651,,کرج,چالوس,دوآب - چالوس
164652,,عباس آباد,کلارآباد,
164653,آزادراه,تهران,شمال,مرزن‌آباد - چالوس
164654,,چالوس,کرج,مرزن آباد - مکارود
164655,,کرج,چالوس,سیاه بیشه - هزارچم
164656,,کرج,چالوس,کندوان - سیاه بیشه
164671,,کلاردشت,عباس آباد,
164701,,نکا,بهشهر,
164751,,بهشهر,نکا,
183101,آزادراه,کرج,تهران,کیلومتر25
183102,آزادراه,تهران,کرج,پل کلاک
183104,,کرج,چالوس,پورکان
183105,,کرج,چالوس,گچسر
183107,جاده قدیم,کرج,قزوین,آبیک
183110,آزادراه,کرج,قزوین,پل هشتگرد
183111,آزادراه,کرج,قزوین,گلشهر
183113,,کرج,طالقان,
183117,آزادراه,کرج,قزوین,ترمینال کلانتری
183118,,کرج,چالوس,بیلقان
183119,,کرج,چالوس,سد کرج
183120,,کرج,چالوس,کندوان
183121,آزادراه,کرج,قزوین,نظرآباد
183151,آزادراه,تهران,کرج,کیلومتر25
183152,آزادراه,کرج,تهران,پل کلاک
183154,,چالوس,کرج,پورکان
183155,,چالوس,کرج,گچسر
183157,جاده قدیم,قزوین,کرج,آبیک
183160,آزادراه,قزوین,کرج,پل هشتگرد
183161,آزادراه,قزوین,کرج,گلشهر
183163,,طالقان,کرج,
183164,جاده قدیم,قزوین,کرج,کمالشهر
183167,آزادراه,قزوین,کرج,ترمینال کلانتری
183168,,چالوس,کرج,بیلقان
183169,,چالوس,کرج,سد کرج
183170,,چالوس,کرج,کندوان
183171,آزادراه,قزوین,کرج,نظرآباد
183215,آزادراه,تهران,شمال,تونل البرز
183216,,آزاد راه تهران,شمال,قطعه اول، بعد از تونل 16
183218,آزادراه,تهران,کرج,همت-مرز استان
183266,,آزاد راه شمال,تهران,قطعه اول، بعد از تونل 16
183268,آزادراه,کرج,تهران,همت-مرز استان
184201,,اشتهارد,بوئین زهرا,
184205,,اشتهارد,نظرآباد,
184206,,کرج,ماهدشت,
184207,,گچسر,دیزین,
184208,جاده,چالوس,آتشگاه,
184214,آزادراه,آبیک,چرمشهر,قبل از عوارضی
184216,,کردان,برغان,
184251,,بوئین زهرا,اشتهارد,
184252,,اشتهارد,ماهدشت,
184255,,نظرآباد,اشتهارد,
184256,,ماهدشت,کرج,
184257,,دیزین,گچسر,
184258,,آتشگاه,جاده چالوس,
184264,آزادراه,چرمشهر,آبیک,بعد از عوارضی
184266,,برغان,کردان,
213103,,اصفهان,مورچه‌خورت,پلیس‌راه
213104,,اصفهان,اردستان,کمشچه
213105,,اصفهان,علویجه,
213106,,اصفهان,زیار,
213113,آزادراه,اصفهان,زرین شهر,فلاورجان
213114,,اصفهان,فرودگاه,قهجاورستان
213153,,مورچه‌خورت,اصفهان,پلیس‌راه) (متناظر توزین
213154,,اردستان,اصفهان,کمشچه
213155,,علویجه,اصفهان,
213156,,زیار,اصفهان,
213163,آزادراه,زرین شهر,اصفهان,فلاورجان
213164,,فرودگاه,اصفهان,قهجاورستان
213201,,رامشه,ابرکوه,
213202,,اردستان,نایین,سه‌راهی اردستان
213205,کمربندی,شرق اصفهان,,سپاهان شهر - جاده نائین
213219,,اصفهان,سجزی,متناظر توزین
213228,,اصفهان,بهارستان,
213229,,اصفهان,فلاورجان,کمربندی سپاهان شهر
213233,,نطنز,اردستان,آزادراه کنار گذر شرقی - کیلومتر1
213234,,نطنز,اردستان,آزادراه کنار گذر شرقی - کیلومتر30
213251,,ابرکوه,رامشه,
213252,,نایین,اردستان,سه‌راهی اردستان
213255,کمربندی,شرق اصفهان,,جاده نائین - سپاهان شهر
213269,,سجزی,اصفهان,
213279,,فلاورجان,اصفهان,کمربندی سپاهان شهر
213283,,اردستان,نطنز,آزادراه کنار گذر شرقی - کیلومتر1
213284,,اردستان,نطنز,آزادراه کنار گذر شرقی - کیلومتر30
213401,,خوانسار,دامنه,سه راهی دربید
213402,,خوانسار,گلپایگان,وانشان
213451,,دامنه,خوانسار,سه راهی دربید
213452,,گلپایگان,خوانسار,وانشان
213501,,سمیرم,یاسوج,سه‌راهی پاتاوه
213551,,یاسوج,سمیرم,سه‌راهی پاتاوه
213601,,الیگودرز,داران,بویین میاندشت - داران
213602,,داران,تیران,
213651,,داران,الیگودرز,داران - بویین میاندشت
213652,,تیران,داران,
213701,,سه راهی ازون بلاغ,فریدونشهر,
213751,,فریدونشهر,سه راهی ازون بلاغ,
213801,,ابریشم,پیربکران,
213851,,پیربکران,ابریشم,
213902,,شهرضا,سمیرم,
213903,,شهرضا,هرند,شهرضا - نیک‌آباد
213910,,دهاقان,بروجن,
213918,,شهرضا,دهاقان,گلشن
213921,,شهرضا,ایزدخواست,منظریه
213952,,سمیرم,شهرضا,
213953,,هرند,شهرضا,نیک‌آباد - شهرضا
213960,,بروجن,دهاقان,
213968,,دهاقان(گلشن),شهرضا,
213971,,ایزدخواست,شهرضا,منظریه
214202,آزادراه,کاشان,قم,کاشان - مشکات
214204,,بادرود,اردستان,متناظر توزین
214205,آزادراه,کاشان,نطنز,نطنز
214209,جاده قدیم,مورچه‌خورت,نطنز,سه راهی مورچه خورت
214210,,قمصر,کاشان,
214211,,کاشان,بادرود,
214239,آزادراه,کاشان,نطنز,متناظر توزین
214240,,کاشان,مشهد اردهال,
214241,,کاشان,نراق,مرز استان
214252,آزادراه,قم,کاشان,مشکات - کاشان
214254,,اردستان,بادرود,
214255,آزادراه,نطنز,کاشان,نطنز
214259,جاده قدیم,نطنز,مورچه‌خورت,سه راهی مورچه خورت
214260,,کاشان,قمصر,
214289,آزادراه,نطنز,کاشان,
214290,,مشهد اردهال,کاشان,
214291,,نراق,کاشان,مرز استان
214301,جاده قدیم,کاشان,قم,کاشان - سن سن
214351,جاده قدیم,قم,کاشان,سن سن - کاشان
214401,,گلپایگان,خمین,
214402,,گلپایگان,سه‌راه موته,
214451,,خمین,گلپایگان,
214452,,سه‌راه موته,گلپایگان,
214502,,اصفهان,مبارکه,
214503,,زرین‌شهر,سفیددشت,
214511,آزادراه,زرین‌شهر,نجف‌آباد,
214552,,مبارکه,اصفهان,
214553,,سفیددشت,زرین‌شهر,
214561,آزادراه,نجف‌آباد,زرین‌شهر,
214602,,انارک,خور,سه‌راهی جندق - خور
214603,,انارک,جندق,جندق - سه‌راه جندق
214604,,نائین,انارک,
214607,,نائین,عقدا,نائین) (متناظر توزین
214641,,بهارستان,نیک آباد,
214642,,نائین,سجزی,متناظر توزین
214652,,خور,انارک,خور - سه‌راهی جندق
214653,,جندق,انارک,سه‌راه جندق - جندق
214654,,انارک,نائین,
214657,,عقدا,نائین,نائین
214691,,نیک آباد,بهارستان,
214692,,سجزی,نائین,
214701,,نجف‌آباد,تیران,
214702,,خمینی‌شهر,نجف‌آباد,
214703,,علویجه,گلپایگان,علویجه
214711,,دهق,گلپایگان,خنداب
214712,,اصفهان,نجف‌آباد,فولادشهر - نجف‌آباد
214751,,تیران,نجف‌آباد,
214752,,نجف‌آباد,خمینی‌شهر,
214753,,گلپایگان,علویجه,علویجه
214761,,گلپایگان,دهق,خنداب
214762,,نجف‌آباد,اصفهان,نجف‌آباد - فولادشهر
214801,,تیران,سامان,تیران
214808,,تیران,داران,سه راهی دامنه
214851,,سامان,تیران,تیران
214858,,داران,تیران,سه راهی دامنه
214901,آزادراه,نطنز,اصفهان,عوارضی اصفهان
214902,آزادراه,نطنز,اصفهان,نطنز
214903,,اردستان,کاشان,موغار
214951,آزادراه,اصفهان,نطنز,عوارضی اصفهان
214952,آزادراه,اصفهان,نطنز,نطنز
214953,,کاشان,اردستان,موغار
215101,,میمه,دلیجان,میمه
215102,,شاهین‌شهر,مورچه‌خورت,بزرگراه آزادگان
215103,آزادراه,مورچه‌خورت,نجف‌آباد,
215104,آزادراه,شاهین‌شهر,اصفهان,آزادراه معلم
215108,,مورچه‌خورت,میمه,سه راهی نطنز - مورچه خورت
215151,,دلیجان,میمه,میمه
215152,,مورچه‌خورت,شاهین‌شهر,بزرگراه آزادگان
215153,آزادراه,نجف‌آباد,مورچه‌خورت,
215154,آزادراه,اصفهان,شاهین‌شهر,آزادراه معلم
215158,,میمه,مورچه‌خورت,سه راهی نطنز - مورچه خورت
215201,,شهرضا,طالخونچه,
215203,,اصفهان,شهرضا,سه‌راهی مبارکه) (متناظر توزین
215205,,مبارکه,بروجن,قمشلو
215251,,طالخونچه,شهرضا,
215253,,شهرضا,اصفهان,سه‌راهی مبارکه
215255,,بروجن,مبارکه,قمشلو
215301,,چادگان,داران,
215302,,تیران,چادگان,سه راهی سد زاینده‌رود
215351,,داران,چادگان,
215352,,چادگان,تیران,سه‌راهی سد زاینده‌رود
263101,,تبریز,صوفیان,
263102,,ایلخچی,آذرشهر,
263103,,تبریز,جزیره اسلامی,
263104,آزادراه,تبریز,زنجان,بستان‌آباد - هشترود
263105,آزادراه,تبریز,زنجان,هشترود - عوارضی میاندوآب
263107,جاده قدیم,بستان‌آباد,تبریز,
263110,,تبریز,ایلخچی,
263111,آزادراه,تبریز,زنجان,تبریز - عوارضی تبریز
263112,کمربندی,غربی تبریز,صوفیان,
263151,,صوفیان,تبریز,
263152,,آذرشهر,ایلخچی,
263153,,جزیره اسلامی,تبریز,
263154,آزادراه,زنجان,تبریز,هشترود - بستان‌آباد
263155,آزادراه,زنجان,تبریز,عوارضی میاندوآب - هشترود
263157,جاده قدیم,تبریز,بستان‌آباد,
263160,,ایلخچی,تبریز,
263161,آزادراه,زنجان,تبریز,عوارضی تبریز - تبریز
263162,,صوفیان,کمربندی غربی تبریز,
263201,,آذرشهر,عجب شیر,
263236,,کنار گذر جنوبی شهید کسایی (باسمنج,تبریز),
263237,آزادراه,تبریز,زنجان,بستان آباد) (متناظر توزین
263251,,عجب شیر,آذرشهر,
263286,,کنار گذر جنوبی شهید کسایی (تبریز,باسمنج),
263287,آزادراه,زنجان,تبریز,بستان آباد
263301,,سهند,تبریز,
263351,,تبریز,سهند,
263401,,تبریز,خواجه,
263402,,اهر,کلیبر,
263403,,اهر,مشگین شهر,اهر
263404,,اهر,هوراند,
263451,,خواجه,تبریز,
263452,,کلیبر,اهر,
263453,,مشگین شهر,اهر,اهر
263454,,هوراند,اهر,
263501,,سراب,نیر,سراب
263551,,نیر,سراب,سراب
263601,,هشترود,مراغه,مراغه
263602,,مراغه,بناب,
263651,,مراغه,هشترود,مراغه
263652,,بناب,مراغه,
263702,,جلفا,مرند,
263703,,مرند,ایواغلی,مرند - کشکسرای
263704,,مرند,ایواغلی,کشکسرای - سه‌راه ایواغلی
263714,,صوفیان,مرند,مرند
263752,,مرند,جلفا,
263753,,ایواغلی,مرند,کشکسرای - مرند
263754,,ایواغلی,مرند,سه‌راه ایواغلی - کشکسرای
263764,,مرند,صوفیان,مرند) (متناظر توزین
263802,,جلفا,نوردوز,
263804,,جلفا,پلدشت,جلفا
263806,,جلفا,سه راهی ایواغلی,
263852,,نوردوز,جلفا,
263854,,پلدشت,جلفا,جلفا
263856,,سه راهی ایواغلی,جلفا,
263901,آزادراه,تبریز,زنجان,عوارضی میاندوآب - مرز استان
263902,,سرچم,اردبیل,سرچم
263903,جاده قدیم,میانه,زنجان,میانه - سرچم
263951,آزادراه,زنجان,تبریز,مرز استان - عوارضی میاندوآب
263952,,اردبیل,سرچم,سرچم
263953,جاده قدیم,زنجان,میانه,سرچم - میانه
264201,,بناب,عجبشیر,
264202,,بناب,ملکان,
264203,,ملکان,میاندوآب,ملکان
264251,,عجبشیر,بناب,
264252,,ملکان,بناب,
264253,,میاندوآب,ملکان,ملکان
264301,,هریس,سه راهی هریس,
264302,,سه راهی هریس,اهر,
264351,,سه راهی هریس,هریس,
264352,,اهر,سه راهی هریس,
264402,,سراب,بستان آباد,
264403,,بستان آباد,میانه,
264405,آزادراه,تبریز,زنجان,عوارضی تبریز - بستان‌آباد
264406,,میانه,میاندوآب,میانه
264415,جاده قدیم,بستان آباد,تبریز,تبریز
264452,,بستان آباد,سراب,متناظر توزین
264453,,میانه,بستان آباد,
264455,آزادراه,زنجان,تبریز,بستان‌آباد - عوارضی تبریز
264456,,میاندوآب,میانه,میانه
264465,جاده قدیم,تبریز,بستان آباد,تبریز
264501,,صوفیان,شبستر,
264502,,صوفیان,مرند,
264503,,شبستر,تسوج,
264504,,تسوج,سلماس,تسوج
264551,,شبستر,صوفیان,
264552,,مرند,صوفیان,
264553,,تسوج,شبستر,
264554,,سلماس,تسوج,تسوج
264701,,کلیبر,جانانلو,
264702,,کلیبر,عاشقلو,
264703,,اسکانلو,اصلاندوز,
264751,,جانانلو,کلیبر,
264752,,عاشقلو,کلیبر,
264753,,اصلاندوز,اسکانلو,
264801,,خواجه,ورزقان,
264802,,سه‌راهی خواجه,سه‌راهی هریس,
264851,,ورزقان,خواجه,
264852,,سه‌راهی هریس,سه‌راهی خواجه,
313101,,سه‌راه باغچه,نیشابور,ابرش
313102,,مشهد,سرخس,مشهد - رضویه
313103,,مشهد,چناران,مشهد - تقاطع آزادراه
313104,,مشهد,فریمان,تپه سلام - سنگ بست
313105,آزادراه,مشهد,باغچه,مشهد
313106,,مشهد,سدکارده,سه‌راه کارده
313107,,مشهد,کلات,سه‌راه کارده
313108,,مشهد,سرخس,سرخس
313109,جاده قدیم,مشهد,باغچه,
313110,,مشهد,سرخس,رضویه - آبروان
313111,,مشهد,شاندیز,
313120,جاده قدیم,مشهد,چناران,
313121,آزادراه,کنارگذر باغچه,چناران,عوارضی مزرعه نمونه
313122,,فریمان,مشهد,فریمان - سنگ بست
313130,,مشهد,کلات,مشهد - چنار
313144,,مشهد,تربت‌حیدریه,باغچه - رباط سفید
313145,,نیشابور,مشهد,قدمگاه
313146,آزادراه,مشهد,باغچه,باغچه
313151,,نیشابور,سه‌راه باغچه,ابرش
313152,,سرخس,مشهد,رضویه - مشهد
313153,,چناران,مشهد,تقاطع آزادراه - مشهد
313154,,فریمان,مشهد,سنگ بست - تپه سلام
313155,آزادراه,باغچه,مشهد,مشهد
313156,,سدکارده,مشهد,سه‌راه کارده
313157,,کلات,مشهد,سه‌راه کارده
313158,,سرخس,مشهد,سرخس
313159,جاده قدیم,باغچه,مشهد,
313160,,سرخس,مشهد,آبروان - رضویه
313161,,شاندیز,مشهد,
313170,جاده قدیم,چناران,مشهد,
313171,آزادراه,کنارگذر چناران,باغچه,عوارضی مزرعه نمونه
313172,,مشهد,فریمان,سنگ بست - فریمان
313180,,کلات,مشهد,چنار - مشهد
313194,,تربت‌حیدریه,مشهد,رباط سفید - باغچه
313195,,مشهد,نیشابور,قدمگاه
313196,آزادراه,باغچه,مشهد,باغچه
313208,آزادراه,کنارگذر باغچه,چناران,عوارضی ناظریه
313223,,نیشابور,مشهد,نیشابور) (متناظر توزین
313224,,تربت حیدریه,مشهد,کمربندی تربت حیدریه) (متناظر توزین
313235,,مشهد,میامی,
313249,آزادراه,کنارگذر باغچه,چناران,عوارضی امرغان
313258,آزادراه,کنارگذر چناران,باغچه,عوارضی ناظریه
313273,,مشهد,نیشابور,نیشابور) (متناظر توزین
313274,,مشهد,تربت حیدریه,کمربندی تربت حیدریه
313285,,میامی,مشهد,
313299,آزادراه,کنارگذر چناران,باغچه,عوارضی امرغان
313302,,مشهد,فریمان,عوارضی فریمان
313352,,فریمان,مشهد,عوارضی فریمان
313601,,تایباد,پایانه مرزی دوغارون,
313602,,تربت‌حیدریه,تایباد,تایباد
313651,,پایانه مرزی دوغارون,تایباد,
313652,,تایباد,تربت‌حیدریه,تایباد
313701,,تربت‌جام,تایباد,تربت‌جام
313702,,تربت‌جام,باخرز,تربت‌جام
313703,,تربت‌جام,صالح‌آباد,تربت‌جام
313751,,تایباد,تربت‌جام,تربت‌جام
313752,,باخرز,تربت‌جام,تربت‌جام
313753,,صالح‌آباد,تربت‌جام,تربت‌جام
313801,,تربت‌حیدریه,سه‌راه شادمهر,
313802,,مشهد,تربت حیدریه,باغچه - رباط سنگ
313803,,تربت حیدریه,رشتخوار,
313804,,تربت‌حیدریه,تایباد,تربت‌حیدریه
313805,,فیض‌آباد,مهنه,
313806,,فیض‌آباد,بجستان,فیض‌آباد
313822,,مهنه,شادمهر,متناظر توزین
313851,,سه‌راهی شادمهر,تربت‌حیدریه,
313852,,تریت حیدریه,مشهد,رباط سنگ - باغچه
313853,,رشتخوار,تربت حیدریه,
313854,,تایباد,تربت‌حیدریه,تربت‌حیدریه
313855,,مهنه,فیض‌آباد,
313856,,بجستان,فیض‌آباد,فیض‌آباد
313872,,شادمهر,مهنه,
313901,,چناران,قوچان,چناران - سه‌راه چکنه
313902,,مشهد,چناران,گلبهار - چناران
313904,,قوچان,چناران,متناظر توزین
313909,,قوچان,فاروج,قوچان
313910,,قوچان,درگز,قوچان - امام قلی
313911,,قوچان,باجگیران,امام قلی - باجگیران
313951,,قوچان,چناران,سه‌راه چکنه - چناران
313952,,چناران,مشهد,چناران - گلبهار
313954,,چناران,قوچان,
313959,,فاروج,قوچان,قوچان
313960,,درگز,قوچان,امام قلی - قوچان
313961,,باجگیران,قوچان,باجگیران - امام قلی
314101,,خواف,تایباد,
314102,,خواف,قائن,نشتیفان
314104,,خواف,رشتخوار,
314151,,تایباد,خواف,
314152,,قائن,خواف,نشتیفان
314154,,رشتخوار,خواف,
314201,,درگز,قوچان,درگز - امام قلی
314202,,درگز,لطف آباد,
314203,,درگز,کلات,کیلومتر 13
314251,,قوچان,درگز,امام قلی - درگز
314252,,لطف آباد,درگز,
314253,,کلات,درگز,کیلومتر 13
314301,,سبزوار,بردسکن,سبزوار
314302,,سبزوار,شاهرود,سبزوار - داورزن
314303,,سبزوار,قوچان,سبزوار - سلطان‌آباد
314304,,سبزوار,اسفراین,سبزوار
314305,,قوچان,سبزوار,سه‌راه چکنه - سلطان‌آباد
314320,,سبزوار,نیشابور,زعفرانیه
314351,,بردسکن,سبزوار,سبزوار
314352,,شاهرود,سبزوار,داورزن - سبزوار
314353,,قوچان,سبزوار,سلطان‌آباد - سبزوار
314354,,اسفراین,سبزوار,سبزوار
314355,,سبزوار,قوچان,سلطان‌آباد - سه‌راه چکنه
314370,,نیشابور,سبزوار,زعفرانیه
314701,,فردوس,بجستان,بجستان
314751,,بجستان,فردوس,بجستان
314801,,فریمان,تربت‌جام,فریمان
314851,,تربت‌جام,فریمان,فریمان
315305,,بردسکن,شاهرود,بردسکن
315355,,شاهرود,بردسکن,بردسکن
315401,,شادمهر,کاشمر,
315402,,کاشمر,بردسکن,
315451,,کاشمر,شادمهر,
315452,,بردسکن,کاشمر,
315501,,گناباد,فردوس,گناباد
315502,,گناباد,قائن,گناباد
315503,,گناباد,مهنه,مهنه
315504,,گناباد,بجستان,گناباد
315505,,بجستان,بردسکن,سردق
315551,,فردوس,گناباد,گناباد
315552,,قائن,گناباد,گناباد
315553,,مهنه,گناباد,مهنه
315554,,بجستان,گناباد,گناباد
315555,,بردسکن,بجستان,سردق
315701,,نیشابور,سبزوار,نیشابور
315702,,نیشابور,کاشمر,نیشابور
315723,جاده قدیم,نیشابور,سبزوار,نیشابور - فیروزه
315728,جاده قدیم,نیشابور,سبزوار,فیروزه - سلطان‌آباد
315751,,سبزوار,نیشابور,نیشابور
315752,,کاشمر,نیشابور,نیشابور
315773,جاده قدیم,سبزوار,نیشابور,فیروزه - نیشابور
315778,جاده قدیم,سبزوار,نیشابور,سلطان‌آباد - فیروزه
323101,,بجنورد,شیروان,بجنورد
323102,,بجنورد,آشخانه,بیدک
323103,,بجنورد,آشخانه,کریک
323104,,بجنورد,اسفراین,بجنورد
323105,,شیروان,بجنورد,سیساب
323108,,سه راهی ایرج,اسفراین,
323151,,شیروان,بجنورد,بجنورد
323152,,آشخانه,بجنورد,بیدک
323153,,آشخانه,بجنورد,کریک
323154,,اسفراین,بجنورد,بجنورد
323155,,بجنورد,شیروان,سیساب) (متناظر توزین
323158,,اسفراین,سه راهی ایرج,
323203,,گرمه,میامی,گرمه
323204,,گرمه,جاجرم,
323205,,جاجرم,امیرآباد,جاجرم
323206,,اسفراین,سبزوار,اسفراین
323207,,سنخواست,سه راهی ایرج,
323208,,گرمه,چمن بید,
323209,,سنخواست,جاجرم,
323210,جاده قدیم,بجنورد,آشخانه,
323211,کمربندی,بجنورد,,شرق به غرب
323219,,بجنورد,شوقان,
323226,,پیش قلعه,راز,
323253,,میامی,گرمه,گرمه
323254,,جاجرم,گرمه,
323255,,امیرآباد,جاجرم,جاجرم
323256,,سبزوار,اسفراین,اسفراین
323257,,سه راهی ایرج,سنخواست,
323258,,چمن بید,گرمه,
323259,,جاجرم,سنخواست,
323260,جاده قدیم,آشخانه,بجنورد,
323269,,شوقان,بجنورد,
323276,,راز,پیش قلعه,
323302,,چمن بید,جنگل گلستان,رباط قره بیل
323304,,آشخانه,چمن بید,چمن بید
323305,,آشخانه,رازجرگلان,
323307,,آشخانه,چمن بید,آشخانه
323308,,آشخانه,شهر آباد,
323309,,چمن بید,جنگل گلستان,چشمه خان
323352,,جنگل گلستان,چمن بید,رباط قره بیل
323354,,چمن بید,آشخانه,چمن بید
323355,,رازجرگلان,آشخانه,
323357,,چمن بید,آشخانه,آشخانه
323358,,شهر آباد,آشخانه,
323359,,جنگل گلستان,چمن بید,چشمه خان
323402,,صفی آباد,گراتی,
323452,,گراتی,صفی آباد,
323501,,فاروج,قوچان,فاروج
323502,,شیروان,فاروج,
323551,,قوچان,فاروج,فاروج
323552,,فاروج,شیروان,
333101,,سرایان,بیرجند,سرایان
333108,,دیهوک,عرب آباد,
333110,,دیهوک,راور,زنوغان
333111,,سه‌راهی دیهوک,بیرجند,عرب‌آباد
333112,,دیهوک,فردوس,دیهوک
333151,,بیرجند,سرایان,سرایان
333158,,عرب آباد,دیهوک,
333160,,راور,دیهوک,زنوغان
333161,,بیرجند,سه‌راهی دیهوک,عرب‌آباد
333162,,فردوس,دیهوک,دیهوک
333201,,نهبندان,زابل,نهبندان
333215,,طبس,ده محمد,
333216,,بشرویه,ده محمد,
333217,,ده محمد,بردسکن,
333218,,فردوس,سرایان,
333221,,نهبندان,شهداد,
333222,,بیرجند,منصورآباد,
333223,,بشرویه,سه راهی شهید زارع,
333224,,اسدیه,گزیک,مرز
333225,,بیرجند,سه قلعه,سرایان
333227,,خوسف,سربیشه,
333230,,بیرجند,قاین,بیرجند
333232,,بیرجند,خوسف,کمربندی غربی
333251,,زابل,نهبندان,نهبندان
333265,,ده محمد,طبس,
333266,,ده محمد,بشرویه,
333267,,بردسکن,ده محمد,
333268,,سرایان,فردوس,
333271,,شهداد,نهبندان,
333272,,منصورآباد,بیرجند,
333273,,سه راهی شهید زارع,بشرویه,
333274,,گزیک (مرز),اسدیه,
333275,,سه قلعه (سرایان),بیرجند,
333277,,سربیشه,خوسف,
333280,,قاین,بیرجند,بیرجند) (متناظر توزین
333282,,خوسف,بیرجند,کمربندی غربی
333301,,سربیشه,درح,پایانه مرزی ماهی رود
333302,,سربیشه,درمیان,
333312,,شوسف,سربیشه,
333351,,درح (پایانه مرزی ماهی آباد),سربیشه,
333352,,درمیان,سربیشه,
333362,,سربیشه,شوسف,
333401,,قائن,گناباد,خضری - گناباد
333403,,قائن,مرز یزدان,حاجی‌آباد
333404,,قائن,خواف,فرخی
333408,,قاین,حاجی آباد,
333451,,گناباد,قائن,گناباد - خضری
333453,,مرز یزدان,قائن,حاجی‌آباد
333454,,خواف,قائن,فرخی
333458,,حاجی آباد,قاین,
333501,,بیرجند,عرب‌آباد,خوسف
333502,,بیرجند,سربیشه,بیرجند - مود
333503,,بیرجند,آرین شهر,
333504,,بیرجند,اسدیه,
333512,,بیرجند,سربیشه,مود - سربیشه
333551,,عرب‌آباد,بیرجند,خوسف
333552,,سربیشه,بیرجند,مود - بیرجند
333553,,آرین شهر,بیرجند,
333554,,اسدیه,بیرجند,
333562,,سربیشه,بیرجند,سربیشه - مود
333901,,طبس,دیهوک,
333902,,طبس,یزد,طبس
333903,,طبس,خور,طبس
333951,,دیهوک,طبس,
333952,,یزد,طبس,طبس
333953,,خور,طبس,طبس
334701,,فردوس,دیهوک,فردوس
334702,,فردوس,بجستان,برون
334703,,فردوس,گناباد,فردوس
334751,,دیهوک,فردوس,فردوس
334752,,بجستان,فردوس,برون
334753,,گناباد,فردوس,فردوس
334901,,قائن,گناباد,قائن - خضری
334902,,آرین شهر,قائن,
334951,,گناباد,قائن,خضری - قائن
334952,,قائن,آرین شهر,
335603,,نهبندان,شوسف,
335604,,نهبندان,زاهدان,نهبندان - سفیدآبه
335653,,شوسف,نهبندان,
335654,,زاهدان,نهبندان,سفید آبه - نهبندان
362113,,مسجدسلیمان,شوشتر,مسجدسلیمان - سه‌راهی گاو سوار
362163,,شوشتر,مسجدسلیمان,سه‌راهی گاو سوار - مسجدسلیمان
363101,,,,
363102,,اهواز,آبادان,اهواز - دارخوین
363104,,اهواز,ملاثانی,
363105,,اهواز,بندر امام,جاده قدیم
363106,,حمیدیه,سوسنگرد,
363107,,رامهرمز,اهواز,رامهرمز
363113,,اهواز,خرمشهر,
363114,,شوشتر,ملاثانی,
363151,,,,
363152,,آبادان,اهواز,دارخوین - اهواز
363154,,ملاثانی,اهواز,
363155,,بندر امام,اهواز,جاده قدیم
363156,,سوسنگرد,حمیدیه,
363157,,اهواز,رامهرمز,رامهرمز
363163,,خرمشهر,اهواز,
363164,,ملاثانی,شوشتر,
363201,,آبادان,اهواز,آبادان - دارخوین
363203,,اهواز,شوش,الوان - شوش
363204,,اهواز,حمیدیه,
363206,,اهواز,امیدیه,سه راهی سرانجام
363207,,اهواز,خرمشهر,جاده امام صادق
363208,کمربندی,اهواز,,غرب به شرق
363228,کمربندی,جنوبی اهواز,,جنوب به شرق
363229,,اهواز,شوش,اهواز) (متناظر توزین
363230,,ملاثانی,مسجدسلیمان,
363251,,اهواز,آبادان,دارخوین - آبادان
363253,,شوش,اهواز,شوش - الوان
363254,,حمیدیه,اهواز,
363256,,امیدیه,اهواز,سه راهی سرانجام
363257,,خرمشهر,اهواز,جاده امام صادق
363258,کمربندی,اهواز,,شرق به غرب
363279,,شوش,اهواز,اهواز
363280,,مسجدسلیمان,ملاثانی,
363301,جاده قدیم,اندیمشک,پل زال,
363302,,اندیمشک,شوش,
363304,آزادراه,اندیمشک,پل زال,
363305,,اندیمشک,دهلران,سه‌راهی دهلران - دشت عباس
363313,,اندیمشک,خرم‌آباد,اندیمشک
363314,کمربندی,اندیمشک,دزفول,غرب به شرق
363351,جاده قدیم,پل زال,اندیمشک,
363352,,شوش,اندیمشک,
363354,آزادراه,پل زال,اندیمشک,
363355,,دهلران,اندیمشک,دشت عباس - سه‌راهی دهلران
363363,,خرم‌آباد,اندیمشک,اندیمشک) (متناظر توزین
363364,کمربندی,دزفول,اندیمشک,شرق به غرب
363401,,دهدز,لردگان,دهدز
363402,,ایذه,دهدز,
363451,,لردگان,دهدز,دهدز
363452,,دهدز,ایذه,
363501,,باغملک,ایذه,
363551,,ایذه,باغملک,
363601,,بندر امام خمینی,آبادان,خوردورق
363603,,ماهشهر,بندرامام,
363604,آزادراه,بندر امام خمینی,اهواز,
363605,,ماهشهر,امیدیه,
363606,,ماهشهر,هندیجان,ماهشهر
363627,,هندیجان,دیلم,خروجی استان
363628,آزادراه,بندرامام,اهواز,خروجی بندرامام
363651,,آبادان,بندر امام خمینی,خوردورق
363653,,بندر امام,ماهشهر,
363654,آزادراه,اهواز,بندر امام خمینی,
363655,,امیدیه,ماهشهر,
363656,,هندیجان,ماهشهر,ماهشهر
363657,,دیلم,هندیجان,
363677,,دیلم,هندیجان,خروجی استان
363678,آزادراه,اهواز,بندرامام,خروجی بندرامام
363701,,بهبهان,گچساران,بهبهان - خیرآباد
363702,,بهبهان,دیلم,خروجی خوزستان
363703,,بهبهان,سه راهی آغاجاری,
363751,,گچساران,بهبهان,خیرآباد - بهبهان
363752,,دیلم,بهبهان,ورودی خوزستان
363753,,سه راهی آغاجاری,بهبهان,
363801,,خرمشهر,شلمچه,پایانه مرزی
363803,,خرمشهر,آبادان,
363851,,شلمچه,خرمشهر,پایانه مرزی
363853,,آبادان,خرمشهر,
364101,,دارخوین,شادگان,
364102,,شادگان,سربندر,
364151,,شادگان,دارخوین,
364152,,سربندر,شادگان,
364201,,شوش,دزفول,
364202,,الوان,بستان,
364203,,شوش,چنانه,خروجی استان
364251,,دزفول,شوش,
364252,,بستان,الوان,
364253,,چنانه,شوش,خروجی استان
364301,,چزابه,بستان,پایانه مرزی
364302,,سوسنگرد,بستان,
364303,,سوسنگرد,هویزه,
364351,,بستان,چزابه,پایانه مرزی
364352,,بستان,سوسنگرد,
364353,,هویزه,سوسنگرد,
364401,,هفتگل,باغملک,
364402,,رامهرمز,سه راهی آغاجاری,
364403,,هفتگل,اهواز,هفتگل
364404,,رامهرمز,باغملک,
364405,,ماهشهر,رامشیر,سه راه سرانجام
364406,,رامشیر,ماهشهر,
364451,,باغملک,هفتگل,
364452,,سه راهی آغاجاری,رامهرمز,
364453,,اهواز,هفتگل,هفتگل
364454,,باغملک,رامهرمز,
364455,,رامشیر (سه راه سرانجام),ماهشهر,
364456,,ماهشهر,رامشیر,
364501,,شوشتر,دزفول,
364502,,گتوند,سه راه گتوند,
364503,کمربندی,شوشتر,اهواز,پل کابلی شوشتر
364508,,شوشتر,دزفول,دزفول
364509,,شوشتر,گتوند,
364510,,شوشتر,هفتگل,
364551,,دزفول,شوشتر,
364552,,سه راه گتوند,گتوند,
364553,,اهواز,کمربندی شوشتر,پل کابلی شوشتر
364558,,دزفول,شوشتر,دزفول
364559,,گتوند,شوشتر,
364560,,هفتگل,شوشتر,
364601,,مسجدسلیمان,شهرکرد,
364602,,مسجدسلیمان,شوشتر,سه‌راهی گاو سوار - شوشتر
364603,,سه راهی لالی,لالی,پل کابلی
364651,,شهرکرد,مسجدسلیمان,
364652,,شوشتر,مسجدسلیمان,شوشتر - سه‌راهی گاو سوار
364653,,لالی,سه راهی لالی,پل کابلی
364701,,امیدیه,آغاجاری,
364702,,امیدیه,دیلم,
364751,,آغاجاری,امیدیه,
364752,,,,
410247,,سورمق,ابرکوه,مرز استان
410297,,ابرکوه,سورمق,مرز استان
413101,,سه راهی سیاخ دارنگون,کوار,
413102,,شیراز,سپیدان,شیراز - سه‌راهی قلات
413104,,شیراز,کازرون,شیراز - خان زنیان
413106,,شیراز,کوار,شیراز - سه‌راهی کوار
413107,محور,قدیم جم,فیروزآباد,فیروزآباد
413108,,شیراز,خرامه,
413109,,دشت ارژن,قائمیه,
413111,,کوار,شیراز,کوار - سه‌راهی کوار
413122,کمربندی,پل فسا شیراز,,شمال - جنوب
413123,,شیراز,سپیدان,سه‌راهی قلات - سپیدان
413124,,شیراز,کازرون,خان زنیان - دشت ارژن
413151,,کوار,سه راهی سیاخ دارنگون,
413152,,سپیدان,شیراز,سه‌راهی قلات - سپیدان
413154,,کازرون,شیراز,خان زنیان - شیراز
413156,,کوار,شیراز,سه‌راهی کوار - شیراز
413157,محور,قدیم فیروزآباد,جم,فیروزآباد
413158,,خرامه,شیراز,
413159,,قائمیه,دشت ارژن,
413161,,شیراز,کوار,سه‌راهی کوار - کوار
413172,کمربندی,پل فسا شیراز,,جنوب - شمال
413173,,سپیدان,شیراز,سپیدان - سه‌راهی قلات
413174,,کازرون,شیراز,دشت ارژن - خان زنیان
413202,,آباده,ایزدخواست,
413217,,سروستان,فسا,سروستان - سه‌راهی فسا
413220,,سروستان,خاوران,
413221,,دو راهی سورمق,اقلید,
413222,,شیراز,کازرون,
413252,,ایزدخواست,آباده,
413267,,فسا,سروستان,سه‌راهی فسا - سروستان
413270,,خاوران,سروستان,
413271,,اقلید,دو راهی سورمق,
413272,,کازرون,شیراز,
413301,,آباده,سورمق,
413302,,صفاشهر,بوانات,
413304,,صفاشهر,سورمق,
413305,,قادرآباد,خوانسار,
413351,,سورمق,آباده,
413352,,بوانات,صفاشهر,
413354,,سورمق,صفاشهر,متناظر توزین
413355,,خوانسار,قادرآباد,
413502,,استهبان,فسا,استهبان - سه‌راهی فسا
413503,,استهبان,نیریز,
413552,,فسا,استهبان,سه‌راهی فسا - استهبان
413553,,نیریز,استهبان,
413601,,اقلید,یاسوج,اقلید
413606,,اقلید,یاسوج,دژکرد
413651,,یاسوج,اقلید,اقلید
413656,,یاسوج,اقلید,دژکرد
413701,,سه‌راهی کوار,جهرم,سه‌راهی کوار - خفر
413702,,جهرم,سه‌راهی کوار,قطب‌آباد - خفر) (متناظر توزین
413715,,جهرم,قیر,
413751,,جهرم,سه‌راهی کوار,خفر - سه‌راهی کوار
413752,,سه‌راهی کوار,جهرم,خفر - قطب‌آباد
413765,,قیر,جهرم,
413801,,داراب,بندر عباس,
413851,,بندر عباس,داراب,
413901,,سپیدان,یاسوج,سپیدان
413951,,یاسوج,سپیدان,سپیدان
414101,,داراب,زرین دشت,
414102,,شیراز,سروستان,
414108,,فسا,داراب,
414112,,چاه کبکان,بندر شیرینو,مرز استان
414114,,آزاد راه شیراز,اصفهان,مرودشت
414115,,خان زنیان,قلات,
414151,,زرین دشت,داراب,
414152,,سروستان,شیراز,
414158,,داراب,فسا,
414162,,بندر شیرینو,چاه کبکان,مرز استان
414164,,آزاد راه اصفهان,شیراز,مرودشت
414165,,قلات,خان زنیان,
414201,کمربندی,اکبرآباد شیراز,,جنوب - شمال
414202,,ارسنجان,سعادتشهر,
414251,کمربندی,اکبرآباد شیراز,,شمال - جنوب
414252,,سعادتشهر,ارسنجان,
414302,,فیروزآباد,کوار,سه‌راهی میمند - کوار
414307,,فیروزآباد,فراشبند,
414308,,فیروز آباد,قیر,
414309,,سه راهی میمند,جهرم,
414310,,فیروزآباد,جم,محور جدید
414311,,فراشبند,بوشکان,
414352,,کوار,فیروزآباد,کوار - سه‌راهی میمند
414357,,فراشبند,فیروزآباد,
414358,,قیر,فیروز آباد,
414359,,جهرم,سه راهی میمند,
414360,,جم,فیروز آباد,محور جدید
414361,,بوشکان,فراشبند,
414402,,کازرون,برازجان,کازرون - کنارتخته
414403,,کازرون,شیراز,کازرون - دشت ارژن
414452,,برازجان,کازرون,کنارتخته - کازرون
414453,,شیراز,کازرون,دشت ارژن - کازرون
414501,,نیریز,سیرجان,نیریز
414551,,سیرجان,نیریز,نیریز
414602,,لار,جهرم,
414603,,لار,بستک,لار
414604,,قیر,خنج,
414605,,لار,گراش,
414606,,گراش,اوز,
414607,,لار,لامرد,
414608,,خنج,اوز,
414614,,لار,جهرم,متناظر توزین
414652,,جهرم,لار,
414653,,بستک,لار,لار
414654,,خنج,قیر,
414655,,گراش,لار,
414656,,اوز,گراش,
414657,,لامرد,لار,
414658,,اوز,خنج,
414701,,لامرد,مهر,
414702,,مهر,گله دار,
414703,,گله دار,دارالمیزان,
414704,,لامرد,بندر عباس,
414705,,لامرد,احشام,
414751,,مهر,لامرد,
414752,,گله دار,مهر,
414753,,دارالمیزان,گله دار,
414754,,بندرعباس,لامرد,
414755,,احشام,لامرد,
414801,جاده قدیم,سعادت شهر,مرودشت,
414802,,سعادتشهر,صفاشهر,
414803,,مرودشت,شیراز,اکبرآباد - شیراز
414804,,مرودشت,شیراز,رکن‌آباد - اکبرآباد
414805,,مرودشت,شیراز,زرقان - رکن‌آباد
414806,,مرودشت,شیراز,دوراهی لپویی - زرقان
414807,,مرودشت,شیراز,مرودشت - دو راهی لپویی
414819,,مرودشت,سعادت شهر,
414851,جاده قدیم,مرودشت,سعادت شهر,
414852,,صفاشهر,سعادتشهر,
414853,,شیراز,مرودشت,شیراز - اکبرآباد
414854,,شیراز,مرودشت,اکبرآباد - رکن‌آباد
414855,,شیراز,مرودشت,رکن‌آباد - زرقان
414856,,شیراز,مرودشت,زرقان - دوراهی لپویی
414857,,شیراز,مرودشت,دو راهی لپویی - مرودشت
414869,,سعادت شهر,مرودشت,
414901,,نورآباد,گچساران,بابامیدان - گچساران
414902,,نورآباد,قائمیه,متناظر توزین
414951,,گچساران,نورآباد,گچساران - بابامیدان
414952,,قائمیه,نورآباد,
453102,,سه‌راهی راین,ماهان,ماهان
453103,,کرمان,باغین,متناظر توزین
453104,,جوپار,کرمان,
453110,,چترود,زرند,چترود
453111,,سه‌راهی راین,راین,
453112,جاده قدیم,ماهان,کرمان,
453113,,شهداد,نهبندان,شهداد
453114,,کرمان,کوهپایه,
453115,,چترود,زرند,ده زیار
453152,,ماهان,سه‌راهی راین,ماهان
453153,,باغین,کرمان,
453154,,,,
453160,,زرند,چترود,چترود
453161,,راین,سه‌راهی راین,
453162,جاده قدیم,کرمان,ماهان,
453163,,نهبندان,شهداد,شهداد
453164,,کوهپایه,کرمان,
453165,,زرند,چترود,ده زیار) (متناظر توزین
453201,,راور,دیهوک,راور
453202,,ماهان,بم,سه‌راهی راین - سه‌راهی جیرفت
453204,,کرمان,ماهان,هفت باغ علوی
453206,,باغین,کمربندی کرمان,سرآسیاب
453244,کمربندی,باغین,جوپار,
453245,,کرمان,اختیار آباد,
453246,,کرمان,زنگی آباد,
453247,,کرمان,هوتک,چترود
453249,,کرمان,چترود,
453251,,دیهوک,راور,راور
453252,,بم,ماهان,سه‌راهی جیرفت - سه‌راهی راین
453254,,ماهان,کرمان,هفت باغ علوی
453256,کمربندی,کرمان,باغین,سرآسیاب
453294,کمربندی,جوپار,باغین,
453295,,اختیار آباد,کرمان,
453296,,زنگی آباد,کرمان,
453297,,هوتک (چترود),کرمان,
453299,,چترود,کرمان,
453301,,بافت,ارزوئیه,ارزوئیه
453302,,ارزوئیه,وکیل‌آباد,ارزوئیه
453303,,رابر,بافت,رابر
453311,,بافت,ارزوییه,
453313,,رابر,جیرفت,قنات ملک
453351,,ارزوئیه,بافت,ارزوئیه
453352,,وکیل‌آباد,ارزوئیه,ارزوئیه
453353,,بافت,رابر,رابر
453361,,ارزوییه,بافت,
453363,,جیرفت,رابر,قنات ملک
453401,,بردسیر,سیرجان,
453403,,کرمان,بافت,نگار
453404,,نگار,بهرامجرد,
453451,,سیرجان,بردسیر,
453453,,بافت,کرمان,نگار
453454,,بهرامجرد,نگار,
453502,,ایرانشهر,بم,بزمان - نرمانشیر
453503,,نرمانشیر,فهرج,
453505,,بم,ماهان,بم - سه‌راهی جیرفت
453517,,بم,زاهدان,
453518,,ریگان,ایرانشهر,
453552,,بم,ایرانشهر,نرمانشیر - بزمان
453553,,فهرج,نرمانشیر,
453555,,ماهان,بم,سه‌راهی جیرفت - بم
453567,,زاهدان,بم,متناظر توزین
453568,,ایرانشهر,ریگان,
453601,,بردسیر,باغین,متناظر توزین
453651,,باغین,بردسیر,
453701,,باغین,رفسنجان,
453702,,انار,رفسنجان,
453703,,انار,مهریز,انار
453704,,انار,شهربابک,انار
453705,,رفسنجان,نوق,
453707,,رفسنجان,سرچشمه,
453751,,رفسنجان,باغین,
453752,,رفسنجان,انار,
453753,,مهریز,انار,انار
453754,,شهربابک,انار,انار
453755,,نوق,رفسنجان,
453757,,سرچشمه,رفسنجان,
453801,,چترود,راور,
453802,,زرند,رفسنجان,داوران
453803,,زرند,دشتخاک,
453804,,زرند,بافق,زرند،محور سی ریز
453851,,راور,چترود,
453852,,رفسنجان,زرند,داوران
453853,,دشتخاک,زرند,
453854,,بافق,زرند,زرند،محور سی ریز
453901,,سیرجان,حاجی آباد,چاه قلعه
453903,,سیرجان,نیریز,سیرجان
453904,,سیرجان,بافت,سیرجان
453908,,سیرجان,شهربابک,
453909,,سیرجان,حاجی آباد,سنگ بهرام
453927,کمربندی,سیرجان,شهربابک,
453930,,شهربابک,سیرجان,شهربابک) (متناظر توزین
453931,,سیرجان,پاریز,
453951,,حاجی آباد,سیرجان,چاه قلعه
453953,,نیریز,سیرجان,سیرجان
453954,,بافت,سیرجان,سیرجان
453958,,شهربابک,سیرجان,
453959,,حاجی آباد,سیرجان,سنگ بهرام
453980,,سیرجان,شهربابک,شهربابک
453981,,پاریز,سیرجان,
454103,,شهربابک,جوزم,شهربابک
454104,,شهربابک,هرات,شهربابک
454107,,سرچشمه,شهربابک,
454153,,جوزم,شهربابک,شهربابک
454154,,هرات,شهربابک,شهربابک
454157,,شهربابک,سرچشمه,
513101,,سه راهی خنداب,خنداب,
513102,,سلفچگان,اراک,کارچان
513103,,اراک,بروجرد,
513110,,اراک,خمین,
513111,,اراک,فرمهین,
513112,,,,
513151,,خنداب,سه راهی خنداب,
513152,,اراک,سلفچگان,کارچان) (متناظر توزین
513153,,بروجرد,اراک,
513155,,شازند,اراک,
513160,,خمین,اراک,
513161,,فرمهین,اراک,
513162,,,,
513214,,سلفچگان,اراک,احمدآباد
513215,,توره,بروجرد,توره) (متناظر توزین
513216,,آشتیان,راهجرد,
513217,,کمیجان,قهاوند,
513264,,اراک,سلفچگان,احمدآباد
513265,,بروجرد,توره,توره
513266,,راهجرد,آشتیان,
513267,,قهاوند,کمیجان,
513401,,خمین,گلپایگان,خمین
513402,,خمین,محلات,
513403,,خمین,شازند,
513404,,خمین,الیگودرز,
513451,,گلپایگان,خمین,خمین
513452,,محلات,خمین,
513453,,شازند,خمین,
513454,,الیگودرز,خمین,
513501,,دلیجان,نراق,
513505,,دلیجان,میمه,دلیجان) (متناظر توزین
513551,,نراق,دلیجان,
513555,,میمه,دلیجان,دلیجان
513602,,ساوه,همدان,
513603,آزادراه,تهران,ساوه,مامونیه
513604,,سلفچگان,دلیجان,سد 15 خرداد
513605,آزادراه,تهران,ساوه,سرزمین ایرانیان
513606,آزادراه,ساوه,همدان,عوارضی ساوه - دخان
513609,جاده قدیم,ساوه,سلفچگان,ساوه - آوه
513611,,ساوه,بوئین زهرا,
513612,جاده قدیم,ساوه,تهران,ساوه - شهرک صنعتی کاوه
513620,آزادراه,ساوه,تهران,پلیس‌راه ساوه) (متناظر توزین
513621,آزادراه,ساوه,همدان,عوارضی ساوه
513649,آزادراه,سلفچگان,ساوه,عوارضی سلفچگان
513652,,همدان,ساوه,
513653,آزادراه,ساوه,تهران,مامونیه
513655,آزادراه,ساوه,تهران,سرزمین ایرانیان
513656,آزادراه,همدان,ساوه,دخان - عوارضی ساوه
513659,جاده قدیم,سلفچگان,ساوه,آوه - ساوه
513661,,بوئین زهرا,ساوه,
513662,جاده قدیم,تهران,ساوه,شهرک صنعتی کاوه - ساوه
513671,آزادراه,همدان,ساوه,عوارضی ساوه
513699,آزادراه,ساوه,سلفچگان,عوارضی سلفچگان
513701,,ازنا,شازند,شازند
513702,,توره,ملایر,
513703,,توره,بروجرد,سه‌راهی ملایر
513704,,شازند,سه راهی شازند,
513751,,شازند,ازنا,شازند
513752,,ملایر,توره,
513753,,بروجرد,توره,سه‌راهی ملایر
513754,,سه راهی شازند,شازند,
513801,,محلات,دلیجان,
513851,,دلیجان,محلات,
543101,,امامزاده هاشم,تقاطع سراوان,
543102,,لنگرود,رودسر,
543103,,کوچصفهان,سنگر,
543104,,رشت,فومن,
543105,آزادراه,رشت,قزوین,رستم‌آباد - رودبار
543109,,رشت,پیر بازار,
543112,,پیر بازار,ضیابر,
543117,,ملاسرا,شفت,
543118,,لنگرود,چمخاله,
543119,,طاهرگوراب,صومعه سرا,
543120,,گورابجیر,منطقه آزاد,
543151,,تقاطع سراوان,امامزاده هاشم,
543152,,رودسر,لنگرود,
543153,,سنگر,کوچصفهان,
543154,,فومن,رشت,
543155,آزادراه,قزوین,رشت,رودبار - رستم‌آباد
543159,,پیربازار,رشت,
543160,,کوچصفهان,رشت,
543162,,ضیابر,پیر بازار,
543167,,شفت,ملاسرا,
543168,,چمخاله,لنگرود,
543169,,صومعه سرا,طاهرگوراب,
543170,,منطقه آزاد,گورابجیر,
543201,,آستارا,اردبیل,آستارا - آق چای
543220,,رشت,لاکان,
543222,,سنگر,سیاهکل,
543230,آزادراه,رشت,قزوین,امامزاده هاشم
543231,,خمام,پیربازار,
543232,,امامزاده هاشم,رستم آباد,جاده قدیم
543233,,سنگر,رشت,
543234,,شاقاجی,امامزاده هاشم,
543235,,رشت,جیرده,
543251,,اردبیل,آستارا,آق چای - آستارا
543269,,تقاطع سراوان,رشت,
543270,,لاکان,رشت,
543272,,سیاهکل,سنگر,
543280,آزادراه,قزوین,رشت,امامزاده هاشم) (متناظر توزین
543281,,پیربازار,خمام,
543282,,رستم آباد,امامزاده هاشم,جاده قدیم
543283,,رشت,سنگر,
543284,,امامزاده هاشم,شاقاجی,
543285,,جیرده,رشت,
543301,,خمام,انزلی,
543302,,انزلی,رضوانشهر,
543310,,بندرانزلی,حسن رود,
543351,,انزلی,خمام,متناظر توزین
543352,,رضوانشهر,انزلی,
543360,,حسن رود,بندر انزلی,
543401,,لاهیجان,آستانه,
543402,,آستانه,کیاشهر,
543403,,حسن رود,کیاشهر,
543404,,کوچصفهان,آستانه,
543451,,آستانه,لاهیجان,
543452,,کیاشهر,آستانه,
543453,,کیاشهر,حسن رود,
543454,,آستانه,کوچصفهان,
543501,جاده قدیم,رستم‌آباد,رودبار,
543502,جاده قدیم,لوشان,قزوین,
543503,آزادراه,رشت,قزوین,لوشان - مرز استان
543504,,منجیل,طارم,منجیل - گیلوان
543505,,رودبار,منجیل,
543551,جاده قدیم,رودبار,رستم‌آباد,
543552,جاده قدیم,قزوین,لوشان,
543553,آزادراه,قزوین,رشت,مرز استان - لوشان
543554,,طارم,منجیل,گیلوان - منجیل
543555,,منجیل,رودبار,
543556,آزادراه,قزوین,رشت,رستم‌آباد - امامزاده هاشم
543601,,کلاچای,چابکسر,
543602,,رودسر,کلاچای,
543606,جاده قدیم,منجیل,لوشان,
543609,,چابکسر,رامسر,مرز استان
543651,,چابکسر,کلاچای,
543652,,کلاچای,رودسر,
543656,جاده قدیم,لوشان,منجیل,
543659,,رامسر,چابکسر,مرز استان
543701,,املش,کلان کلایه,
543751,,کلان کلایه,املش,
543901,,تالش,آستارا,
543902,,اسالم,خلخال,اسالم
543904,,اسالم,تالش,
543951,,آستارا,تالش,
543952,,خلخال,اسالم,اسالم
543954,,تالش,اسالم,
544101,,ضیابر,پونل,
544105,,پونل,خلخال,
544151,,پونل,ضیابر,
544155,,خلخال,پونل,
544201,,بازارجمعه,فومن,
544251,,فومن,بازارجمعه,
544302,,فومن,سراوان,سراوان
544307,,فومن,ماسوله,
544308,,فومن,سراوان,فومن
544309,,فومن,صومعه سرا,
544352,,سراوان,فومن,سراون
544357,,ماسوله,فومن,
544358,,سراوان,فومن,فومن
544359,,صومعه سرا,فومن,
544501,,لاهیجان,سیاهکل,
544502,,لاهیجان,لنگرود,
544551,,سیاهکل,لاهیجان,
544552,,لنگرود,لاهیجان,
544601,,سیاهکل,دیلمان,
544651,,دیلمان,سیاهکل,
544701,,شلمان,املش,
544751,,املش,شلمان,
573101,,ارومیه,مهاباد,ارومیه - رشکان
573102,,ارومیه,سلماس,ارومیه
573103,,سرو,ارومیه,ارومیه
573104,,ارومیه,تبریز,شهید کلانتری
573106,,سرو,مرز سرو,
573151,,مهاباد,ارومیه,رشکان - ارومیه
573152,,سلماس,ارومیه,ارومیه
573153,,ارومیه,سرو,ارومیه
573154,,تبریز,ارومیه,شهید کلانتری
573156,,مرز سرو,سرو,
573201,,ارومیه,راژان,
573202,,ارومیه,جزیره اسلامی,پل میانگذر دریاچه
573203,,بوکان,سقز,بوکان
573211,,ارومیه,اشنویه,ارومیه
573221,,ارومیه,مهاباد,رشکان - حیدرآباد) (متناظر توزین
573222,,ارومیه,بند,
573223,,ارومیه,امام زاده,
573224,,ارومیه,گلمان,
573225,,ارومیه,سلماس,نوشین شهر - سلماس
573226,,ارومیه,انهر,
573251,,راژان,ارومیه,
573252,,جزیره اسلامی,ارومیه,پل میانگذر دریاچه
573253,,سقز,بوکان,بوکان
573261,,اشنویه,ارومیه,ارومیه
573271,,مهاباد,ارومیه,حیدرآباد - رشکان
573272,,بند,ارومیه,
573273,,امام زاده,ارومیه,
573274,,گلمان,ارومیه,
573275,,سلماس,ارومیه,سلماس - نوشین شهر
573276,,انهر,ارومیه,
573301,,پیرانشهر,مرز تمرچین,
573302,,مهاباد,پیرانشهر,پسوه
573304,,پیرانشهر,سردشت,
573352,,پیرانشهر,مهاباد,پسوه
573354,,سردشت,پیرانشهر,
573401,,تکاب,بیجار,تکاب
573402,,تکاب,دندی,
573451,,بیجار,تکاب,تکاب
573452,,دندی,تکاب,
573502,,خوی,سلماس,
573503,,خوی,قطور,مرز رازی
573506,,خوی,چالدران,
573507,,ایواغلی,مرند,
573517,,قره ضیاالدین,چالدران,
573518,,خوی,قره ضیاالدین,
573551,,خوی,سه راه ایواغلی,
573552,,سلماس,خوی,
573553,,قطور,خوی,مرز رازی
573556,,چالدران,خوی,
573557,,مرند,ایواغلی,
573567,,چالدران,قره ضیاالدین,
573568,,قره ضیالدین,خوی,
573602,,سردشت,بانه,سردشت
573603,,سه راهی ایواغلی,مرز جلفا,
573605,,سردشت,مرزکیله,
573652,,بانه,سردشت,سردشت
573653,,مرز جلفا,سه راهی ایواغلی,
573655,,مرزکیله,سردشت,
573701,,سلماس,تسوج,سلماس
573709,,سلماس,سرو,
573751,,تسوج,سلماس,سلماس
573759,,سرو,سلماس,
573801,,سه‌راهی ایواغلی,ماکو,ایواغلی - قره ضیاءالدین
573802,,شاهین دژ,تکاب,
573803,,شاهین دژ,بوکان,
573851,,ماکو,سه‌راهی ایواغلی,قره ضیاءالدین - ایواغلی
573852,,تکاب,شاهین دژ,
573853,,بوکان,شاهین دژ,
573901,,مهاباد,ارومیه,مهاباد - محمدیار
573902,,میاندوآب,مهاباد,
573903,,مهاباد,سردشت,مهاباد
573904,,مهاباد,بوکان,مهاباد
573916,,درگه سنگ,محمدیار,سه راهی محمدیار) (متناظر توزین
573951,,ارومیه,مهاباد,محمدیار - مهاباد
573952,,مهاباد,میاندوآب,
573953,,سردشت,مهاباد,مهاباد
573954,,بوکان,مهاباد,مهاباد
573966,,محمدیار,درگه سنگ,سه راهی محمدیار
574101,,بازرگان,ماکو,
574103,,ماکو,سه‌راهی ایواغلی,ماکو - یولاگلدی) (متناظر توزین
574104,,سه‌راهی ایواغلی,ماکو,مرگنلر - یولاگلدی
574105,,سه‌راهی ایواغلی,ماکو,قره ضیاءالدین - مرگنلر
574106,,بازرگان,کمربندی ماکو,
574107,,پلدشت,جلفا,پلدشت
574108,,یولاگلدی,پلدشت,
574111,,مرگنلر,پلدشت,
574151,,ماکو,بازرگان,
574153,,سه‌راهی ایواغلی,ماکو,یولاگلدی - ماکو
574154,,ماکو,سه‌راهی ایواغلی,یولاگلدی - مرگنلر
574155,,ماکو,سه‌راهی ایواغلی,مرگنلر - قره ضیاءالدین
574156,کمربندی,ماکو,بازرگان,
574157,,جلفا,پلدشت,پلدشت
574158,,پلدشت,یولاگلدی,
574161,,پلدشت,مرگنلر,
574301,,میاندوآب,بوکان,میاندوآب
574303,,میاندوآب,ملکان,میاندوآب
574308,,میاندوآب,شاهین دژ,میاندوآب
574351,,بوکان,میاندوآب,میاندوآب
574353,,ملکان,میاندوآب,میاندوآب
574358,,شاهین دژ,میاندوآب,میاندوآب
574401,,محمدیار,نقده,
574402,,نقده,پیرانشهر,
574403,,سه راهی حیدر آباد,نقده,
574404,,نقده,اشنویه,
574451,,نقده,محمدیار,
574452,,پیرانشهر,نقده,
574453,,نقده,سه راهی حیدر آباد,
574454,,اشنویه,نقده,
574501,,اشنویه,پیرانشهر,سه‌راهی جلدیان
574502,,ارومیه,مهاباد,حیدرآباد - محمدیار
574551,,پیرانشهر,اشنویه,سه‌راهی جلدیان
574552,,مهاباد,ارومیه,محمدیار - حیدرآباد
613101,,زاهدان,نصرت‌آباد,
613102,,زاهدان,میر جاوه,
613104,,نصرت‌آباد,بم,
613106,,زاهدان,سه‌راهی دشتک,
613151,,نصرت‌آباد,زاهدان,
613152,,میر جاوه,زاهدان,
613154,,بم,نصرت‌آباد,
613156,,سه‌راهی دشتک,زاهدان,
613202,,سرباز,ایرانشهر,ایرانشهر
613203,,ایرانشهر,بمپور,ایرانشهر
613206,,بزمان,محمدآباد ریگان,بزمان
613219,,ایرانشهر,زابلی,
613220,,بمپور,اسپکه,
613222,,دلگان,جلگه,
613236,,زاهدان,خاش,خاش
613240,,زاهدان,بم,کمربندی زاهدان
613242,,زاهدان,خاش,بزرگراه خلیج فارس
613243,,ایرانشهر,ایرندگان,سایگان
613244,,ایرانشهر,نیکشهر,
613252,,ایرانشهر,سرباز,ایرانشهر
613253,,بمپور,ایرانشهر,ایرانشهر
613256,,محمدآباد ریگان,بزمان,بزمان
613269,,زابلی,ایرانشهر,
613270,,اسپکه,بمپور,
613272,,جلگه,دلگان,
613286,,خاش,زاهدان,خاش) (متناظر توزین
613290,,بم,زاهدان,کمربندی زاهدان
613292,,خاش,زاهدان,بزرگراه خلیج فارس
613293,,ایرندگان,ایرانشهر,سایگان
613294,,نیکشهر,ایرانشهر,
613301,,چابهار,راسک,چابهار
613303,,چابهار,زرآباد,
613304,,زرآباد,لیردف,
613306,,سه راهی نگور,نگور,
613351,,راسک,چابهار,چابهار
613353,,زرآباد,چابهار,
613356,,نگور,سه راهی نگور,
613401,,زاهدان,خاش,زاهدان
613407,,اسکل آباد,خاش,
613410,,خاش,میرجاوه,سنگان
613414,,خاش,کارواندر,
613451,,خاش,زاهدان,زاهدان
613457,,خاش,اسکل آباد,
613460,,میرجاوه,خاش,سنگان
613502,,زابل,نهبندان,زابل
613505,,سه راهی دشتک,زابل,شهر سوخته
613507,,زابل,سه راهی دشتک,
613509,,زهک,مرز میلک,
613510,,زابل,زهک,
613512,,زابل,هیرمند,حیدرآباد
613516,,دوست محمد,زابل,
613552,,نهبندان,زابل,زابل
613557,,سه راهی دشتک,زابل,
613559,,مرز میلک,زهک,
613560,,زهک,زابل,
613562,,هیرمند,زابل,حیدرآباد
613566,,زابل,دوست محمد,
613601,,سراوان,کوهک,
613604,,مهرستان,سرباز,
613605,,مهرستان,ایرانشهر,
613606,,خاش,سوران,
613651,,کوهک,سراوان,
613654,,سرباز,مهرستان,
613655,,ایرانشهر,مهرستان,
613656,,سوران,خاش,
613701,,نیکشهر,چابهار,
613702,,ایرانشهر,نیک شهر,
613704,,نیکشهر(سه راهی نیکشهر),چابهار,منطقه آزاد چابهار
613754,,چابهار(منطقه آزاد چابهار),نیکشهر,سه راهی نیکشهر
613802,,جکیگور,راسک,
613852,,راسک,جکیگور,
615601,,زاهدان,نهبندان,سه‌راهی دشتک - سفیدآبه
615651,,نهبندان,زاهدان,سفیدآبه - سه‌راهی دشتک
643101,آزادراه,بندرعباس,عوارضی بندر شهید رجایی,
643104,,بندرعباس,سه‌راهی چاه اسماعیل,
643105,,بندرعباس,بندررجائی,تقاطع غیر همسطح
643106,,بندرعباس,دشت امام,
643107,,بندرعباس,بندرپل,
643108,,بندرعباس,حاجی‌آباد,دشت امام - فین
643109,,بندرعباس,حاجی‌آباد,سه‌راهی فین - سر چاهان
643110,,بندرعباس,لار,سه‌راهی کهورستان - سه‌راهی بستک
643111,,بندرلنگه,پارسیان,
643112,,سه‌راهی چاه اسماعیل,سه‌راهی فاریاب,
643113,,حاجی‌آباد,سیرجان,باغات
643116,,جاسک,لیردف,
643126,,سه راه بندرپل,بندرپل,
643127,آزادراه,ایسین,دشت امام,
643128,,گچین,خونسرخ,
643129,,حاجی‌آباد,ارزوئیه,حاجی‌آباد
643130,,سه راهی خونسرخ,اسکله شهید رجایی,
643144,,سه راه بابا غلام,بندرعباس,
643145,,سه‌راه بابا غلام,هورمودر,
643146,,قشم,درگهان,
643151,آزادراه,عوارضی بندر شهید رجایی,بندرعباس,
643154,,سه‌راهی چاه اسماعیل,بندرعباس,
643155,,بندررجائی,بندرعباس,تقاطع غیر همسطح
643156,,دشت امام,بندرعباس,
643157,,بندرپل,بندرعباس,
643158,,حاجی‌آباد,بندرعباس,فین - دشت امام
643159,,حاجی‌آباد,بندرعباس,سرچاهان - سه‌راهی فین
643160,,لار,بندرعباس,سه‌راهی بستک - سه‌راهی کهورستان
643161,,پارسیان,بندر لنگه,
643162,,سه‌راهی فاریاب,سه‌راهی چاه اسماعیل,
643163,,سیرجان,حاجی‌آباد,باغات
643166,,لیردف,جاسک,
643176,,بندر پل,سه راه بندرپل,
643177,آزادراه,دشت امام,ایسین,
643178,,خونسرخ,گچین,
643179,,ارزوئیه,حاجی‌آباد,حاجی‌آباد
643180,,اسکله شهید رجایی,سه راهی خونسرخ,
643194,,بندرعباس,سه راه بابا غلام,
643195,,هورمودر,سه‌راه بابا غلام,
643196,,درگهان,قشم,
643202,,میناب,جاسک,
643227,,جاسک,میناب,سیریک
643228,,ایسین,کهورستان,
643231,,بندرعباس,ایسین,راه آهن
643232,,بشاگرد,قلع گنچ,
643233,,بشاگرد,سندرک,
643252,,جاسک,میناب,
643277,,میناب,جاسک,سیریک
643278,,کهورستان,ایسین,
643281,,ایسین,بندرعباس,راه آهن
643282,,قلع گنج,بشاگرد,
643283,,سندرک,بشاگرد,
643301,,بندرخمیر,بندرلنگه,
643302,,پارسیان,عسلویه,پارسیان - بندو
643303,,سه راهی چارک,بندرچارک,
643304,,بندرلنگه,سه راهی چارک,
643305,,لامرد,سه راهی چهوو,
643306,,بندرمقام,سه راهی چهوو,
643307,,پارسیان,بندر بستانو,
643351,,بندرلنگه,بندر خمیر,
643352,,عسلویه,پارسیان,بندو - پارسیان
643353,,بندرچارک,سه راهی چارک,
643354,,سه راهی چارک,بندرلنگه,
643355,,سه راهی چهوو,لامرد,
643356,,سه راهی چهوو,بندرمقام,
643357,,بندربستانو,پارسیان,
643501,,سه راهی گهگم,داراب,
643504,,سه راهی گهکم,حاجی آباد,
643551,,داراب,سه راهی گهگم,
643554,,حاجی آباد,سه راهی گهکم,متناظر توزین
643601,,منوجان,دهبارز,دهبارز
643602,,سه راهی فاریاب,زیارتعلی,
643603,,زیارتعلی,فاریاب,
643604,,دهبارز,منوجان,
643605,,رهدار,زیارت پیرچوگان,
643651,,دهبارز,منوجان,دهباز
643652,,زیارتعلی,سه راهی فاریاب,
643653,,فاریاب,زیارتعلی,
643654,,منوجان,دهبارز,
643655,,زیارت پیرچوگان,رهدار,
643701,,لافت,درگهان,
643751,,درگهان,لافت,
643802,,سه‌راهی چاه اسماعیل,میناب,
643805,,میناب,بندرعباس,پل شور) (متناظر توزین
643806,,هشتبندی,فاریاب,
643807,,میناب,بشاگرد,
643852,,میناب,سه‌راهی چاه اسماعیل,
643856,,فاریاب,هشتبندی,
643857,,بشاگرد,میناب,
643901,,بستک,سه راه بندر لنگه,
643902,,بستک,لار,بستک
643951,,سه راه بندر لنگه,بستک,
643952,,لار,بستک,بستک
673101,,زنجان,بیجار,زنجان - زرین‌آباد
673102,,زنجان,میانه,نیک‌پی - سرچم
673103,,زنجان,خرمدره,سلطانیه - صائین قلعه
673104,,زنجان,دندی,
673105,آزادراه,زنجان,تبریز,عوارضی زنجان
673106,آزادراه,زنجان,قزوین,زنجان - سلطانیه) (متناظر توزین
673107,,زنجان,طارم,ذاکر
673108,,زنجان,فرودگاه,پل سارمساقلو
673109,,زنجان,طارم,تهم
673110,,سه‌راهی نیک‌پی,ماهنشان,بعد از سه‌راهی
673112,آزادراه,زنجان,قزوین,صائین قلعه - خرمدره
673113,,زنجان,میانه,زنجان - نیک‌پی
673122,,زنجان,خرمدره,قبل از پلیس راه) (متناظر توزین
673123,,قیدار,اردلان,مرز استان
673124,,قیدار,بیجار,مرز استان
673125,,طارم,خلخال,مرز استان
673126,,طارم,ماسوله,مرز استان
673151,,بیجار,زنجان,زرین‌آباد - زنجان
673152,,میانه,زنجان,سرچم - نیک‌پی
673153,,خرمدره,زنجان,صائین قلعه - سلطانیه
673154,,دندی,زنجان,
673155,آزادراه,تبریز,زنجان,عوارضی زنجان
673156,آزادراه,قزوین,زنجان,سلطانیه - زنجان
673157,,طارم,زنجان,ذاکر
673158,,فرودگاه,زنجان,پل سارمساقلو
673159,,طارم,زنجان,تهم
673160,,ماهنشان,سه‌راهی نیک‌پی,بعد از سه‌راهی
673162,آزادراه,قزوین,زنجان,خرمدره - صائین قلعه
673163,,میانه,زنجان,نیک‌پی - زنجان
673172,,خرمدره,زنجان,قبل از پلیس راه
673173,,اردلان,قیدار,مرز استان
673174,,بیجار,قیدار,مرز استان
673175,,خلخال,طارم,مرز استان
673176,,ماسوله,طارم,مرز استان
673201,,زنجان,بیجار,زرین‌آباد - بیجار
673210,آزادراه,زنجان,تبریز,بین دو عوارضی زنجان
673218,عوارضی,آزادراه قزوین،زنجان,ابهر,مجموع گیت ها
673221,عوارضی,آزادراه قزوین،زنجان,خرمدره,مجموع گیت ها
673222,,زنجان,بیجار,
673230,جاده قدیم,زنجان,میانه,انتهای حوزه
673231,,زنجان,دندی,
673251,,بیجار,زنجان,بیجار - زرین‌آباد
673260,آزادراه,تبریز,زنجان,بین دو عوارضی زنجان
673268,عوارضی,ابهر,آزادراه قزوین،زنجان,مجموع گیت ها
673271,عوارضی,خرمدره,آزادراه قزوین،زنجان,مجموع گیت ها
673272,,بیجار,زنجان,متناظر توزین
673280,جاده قدیم,میانه,زنجان,انتهای حوزه
673281,,دندی,زنجان,متناظر توزین
673301,,گیلوان,منجیل,
673351,,منجیل,گیلوان,
673401,آزادراه,زنجان,تبریز,سرچم - مرز استان
673402,,سرچم,اردبیل,
673404,آزادراه,زنجان,تبریز,نیک‌پی - سرچم
673409,عوارضی,آزادراه زنجان،تبریز,سرچم,مجموع گیت ها
673410,,مانشان,نیک پی,
673451,آزادراه,تبریز,زنجان,مرز استان - سرچم
673452,,اردبیل,سرچم,
673454,آزادراه,تبریز,زنجان,سرچم - نیک‌پی
673459,عوارضی,سرچم,آزادراه زنجان،تبریز,مجموع گیت ها
673460,,نیک پی,ماهنشان,
673501,آزادراه,زنجان,قزوین,ابهر - مرز استان
673502,,زنجان,سلطانیه,سلطانیه
673503,,ابهر,تاکستان,ابهر
673504,آزادراه,زنجان,قزوین,سلطانیه - صائین قلعه
673505,,ابهر,خرمدره کمربندی,
673551,آزادراه,قزوین,زنجان,مرز استان - ابهر
673552,,سلطانیه,زنجان,سلطانیه
673553,,تاکستان,ابهر,ابهر
673554,آزادراه,قزوین,زنجان,صائین قلعه - سلطانیه
673555,کمربندی,خرمدره,ابهر,
673601,,خرمدره,ابهر,
673602,,زنجان,خرمدره,صائین قلعه - خرمدره
673603,,زنجان,خرمدره,
673651,,ابهر,خرمدره,
673652,,خرمدره,زنجان,خرمدره - صائین قلعه
673653,,خرمدره,زنجان,متناظر توزین
673701,,خدابنده,ابهر,خدابنده
673702,,خدابنده,زرین رود,
673703,,خدابنده,بیجار,خورخوره
673704,,خدابنده,سلطانیه,دهجلال
673705,,زرینه رود,گرماب,
673751,,ابهر,خدابنده,خدابنده
673752,,زرین رود,خدابنده,
673753,,بیجار,خدابنده,خورخوره
673754,,سلطانیه,خدابنده,دهجلال
673755,,گرماب,زرینه رود,
713101,,کرمانشاه,بیستون,
713102,,کرمانشاه,قزانچی,
713103,,کرمانشاه,ماهیدشت,
713104,,قزانچی,روانسر,نوروزآباد
713105,,کرمانشاه,کوزران,
713106,,کنارگذر شرقی کرمانشاه (بیستون,اسلام آباد),
713107,,ماهیدشت,اسلام آباد,
713151,,بیستون,کرمانشاه,
713152,,قزانچی,کرمانشاه,
713153,,ماهیدشت,کرمانشاه,متناظر توزین
713154,,روانسر,قزانچی,نوروزآباد
713155,,کوزران,کرمانشاه,
713156,,کنارگذر شرقی کرمانشاه (اسلام آباد,بیستون),
713157,,اسلام آباد,ماهیدشت,
713201,,حمیل,اسلام آباد,
713202,,اسلام آباد,دالاهو,
713203,,اسلام‌آباد,ایوان,اسلام‌آباد - سرمست
713204,,سه راهی حمیل,سرابله,
713205,,کرمانشاه,هلشی,
713222,کمربندی,غربی کرمانشاه,,قزانچی - اسلام آباد
713238,,کرمانشاه,کامیاران,قزانچی
713239,,کرمانشاه,کامیاران,برنجان
713240,,حمیل,پلدختر,متناظر توزین
713251,,اسلام آباد,حمیل,
713252,,دالاهو,اسلام آباد,
713253,,ایوان,اسلام‌آباد,سرمست - اسلام‌آباد
713254,,سرابله,سه راهی حمیل,
713255,,هلشی,کرمانشاه,
713272,کمربندی,غربی کرمانشاه,,اسلام آباد - قزانچی
713288,,کامیاران,کرمانشاه,قزانچی) (متناظر توزین
713289,,کامیاران,کرمانشاه,برنجان
713290,,پلدختر,حمیل,
713301,,نوسود,پایانه مرزی گمرک نوسود,
713302,,پاوه,نوسود,
713304,,شیخ صله,پایانه شیخ صله,
713351,,پایانه مرزی گمرک نوسود,نوسود,
713352,,نوسود,پاوه,
713354,,پایانه شیخ صله,شیخ صله,
713401,,روانسر,پاوه,سه‌راهی بپاپوش
713402,,روانسر,پاوه,روانسر
713403,,سه راهی بیاشوش,جوانرود,
713404,,جوانرود,ثلاث باباجانی,
713451,,پاوه,روانسر,سه‌راهی بپاپوش
713452,,پاوه,روانسر,روانسر
713453,,جوانرود,سه راهی بیاشوش,
713454,,ثلاث باباجانی,جوانرود,
713501,,سرپل ذهاب,قصر شیرین,
713502,,سرپل ذهاب,ثلاث,
713503,,سرپل ذهاب,گیلان غرب,
713551,,قصرشیرین,سرپل ذهاب,
713552,,,,
713553,,گیلان غرب,سرپل ذهاب,
713601,,بیستون,میان راهان,
713602,,سنقر,قروه,
713603,,سنقر,کامیاران,
713604,,سنقر,اسدآباد,
713651,,میان راهان,بیستون,
713652,,,,
713653,,کامیاران,سنقر,
713654,,اسدآباد,سنقر,
713701,,دالاهو,سرپل ذهاب,
713703,,قصرشیرین,گیلانغرب,
713706,,قصرشیرین,خسروی,
713707,,,,
713708,,,,
713751,,سرپل ذهاب,دالاهو,
713753,,گیلانغرب,قصرشیرین,
713756,,خسروی,قصرشیرین,
713757,,,,
713758,,,,
713801,,کنگاور,صحنه,
713803,,بیستون,سه راهی هرسین,متناظر توزین
713805,,میانراهان,کامیاران,
713851,,صحنه,کنگاور,متناظر توزین
713853,,سه راهی هرسین,بیستون,
713855,,کامیاران,میانراهان,
713901,,اسدآباد,کنگاور,
713902,,کنگاور,سه راهی نهاوند,
713903,,کنگاور,تویسرکان,
713951,,کنگاور,اسدآباد,
713952,,سه راهی نهاوند,کنگاور,
713953,,تویسرکان,کنگاور,
714101,,اسلام‌آباد,ایوان,سرمست - زرنه
714102,,گیلانغرب,سرمست,
714107,,گیلانغرب,سومار,
714151,,ایوان,اسلام‌آباد,زرنه - سرمست
714152,,سرمست,گیلانغرب,
714157,,سومار,گیلانغرب,
714201,,سه راهی هرسین,هرسین,
714202,,بیستون,صحنه,
714203,,میان راهان,سنقر,
714251,,هرسین,سه راهی هرسین,
714252,,صحنه,بستون,
714253,,سنقر,میان راهان,
733101,,کامیاران,سه راهی موچش,
733102,,سنندج,دهگلان,
733104,,بیجار,دیواندره,
733107,,سنندج,حسین آباد,
733110,,سنندج,سه راهی موچش,
733111,,سه راهی موچش,موچش,
733151,,سه راهی موچش,کامیاران,
733152,,دهگلان,سنندج,
733154,,دیواندره,بیجار,
733157,,حسین آباد,سنندج,
733160,,سه راهی موچش,سنندج,
733161,,موچش,سه راهی موچش,
733201,,بانه,سردشت,بانه
733202,,بانه,سیرانبند,
733222,,سه راهی موچش,سنندج,متناظر توزین
733225,,سنندج,مریوان,سنندج
733226,,سنندج,مریوان,مریوان
733228,,سنندج,سروآباد,
733251,,سردشت,بانه,بانه
733252,,سیرانبند,بانه,
733275,,مریوان,سنندج,سنندج
733276,,مریوان,سنندج,مریوان
733278,,سروآباد,سنندج,
733301,,بیجار,زنجان,بیجار
733302,,بیجار,تکاب,
733303,,همدان,بیجار,بیجار
733306,,بیجار,حسن آباد یاسوکند,
733351,,زنجان,بیجار,بیجار
733352,,تکاب,بیجار,
733353,,بیجار,همدان,بیجار
733356,,حسن آباد یاسوکند,بیجار,
733401,,سقز,بوکان,سقز
733402,,سقز,بانه,سقز
733412,,مریوان,سقز,مریوان
733413,,بانه,سقز,بانه
733414,,سقز,مریوان,سقز
733415,,سقز,دیواندره,
733416,,سقز,دیواندره,سقز
733451,,بوکان,سقز,سقز
733452,,بانه,سقز,سقز
733462,,سقز,مریوان,مریوان
733463,,سقز,بانه,بانه
733464,,مریوان,سقز,سقز
733465,,دیواندره,سقز,
733466,,دیواندره,سقز,سقز
733501,,دیواندره,حسین آباد,
733507,,دیواندره,تکاب,
733551,,حسین آباد,دیواندره,
733557,,تکاب,دیواندره,
733601,,قروه,همدان,
733602,,دهگلان,قروه,
733603,,دهگلان,حسین آباد,
733604,,قروه,بیجار,
733606,,قروه,سنقر,
733607,,دهگلان,موچش,
733651,,همدان,قروه,
733652,,قروه,دهگلان,
733653,,حسین آباد,دهگلان,
733654,,بیجار,قروه,
733656,,سنقر,قروه,
733657,,موچش,دهگلان,
733701,,مریوان,باشماق,
733707,,مریوان,پاوه,سه‌راهی پاوه - پاوه
733708,,مریوان,سروآباد,
733751,,باشماق,مریوان,
733757,,پاوه,مریوان,پاوه - سه‌راهی پاوه
733758,,سروآباد,مریوان,
733801,,کامیاران,کرمانشاه,کامیاران
733802,,کامیاران,روانسر,
733851,,کرمانشاه,کامیاران,کامیاران
733852,,روانسر,کامیاران,
733901,,کامیاران,پالنگان,
733951,,پالنگان,کامیاران,
753101,,کوریجان,همدان,
753102,,سه‌راهی صالح‌آباد,همدان,
753103,,همدان,جوکار,
753104,آزادراه,همدان,ساوه,پل 123 - دخان
753105,آزادراه,همدان,ساوه,تقاطع جاده کمیجان - پل 123
753106,,ملایر,جوکار,
753107,,همدان,گلتپه,
753108,,جوکار,تویسرکان,
753109,,فامنین,پل 123,
753110,,سه راهی پایگاه نوژه,سه راهی روعان,
753151,,همدان,کوریجان,
753152,,همدان,سه‌راهی صالح‌آباد,
753153,,جوکار,همدان,
753154,آزادراه,ساوه,همدان,دخان - پل 123
753155,آزادراه,ساوه,همدان,پل 123 - تقاطع جاده کمیجان
753156,,جوکار,ملایر,
753157,,گلتپه,همدان,
753158,,تویسرکان,جوکار,
753159,,پل123,فامنین,
753160,,سه راهی روعان,سه راهی پایگاه نوژه,
753201,,سه راهی صالح آباد,اسد آباد,
753202,,همدان,سه‌راهی بهار,مهدی‌آباد
753203,,اسد آباد,کنگاور,
753228,,مجموع گیت های عوارضی همدان,ساوه,همدان
753233,,همدان,غارعلیصدر,قبل از سه راهی بهار
753234,,همدان,تویسرکان,گنجنامه
753244,آزادراه,همدان,ساوه,چپقلو
753245,,همدان,صالح آباد,
753251,,اسد آباد,سه راهی صالح آباد,
753252,,سه‌راهی بهار,همدان,مهدی‌آباد
753253,,کنگاور,اسد آباد,
753278,,مجموع گیت های عوارضی ساوه,همدان,همدان
753283,,غارعلیصدر,همدان,قبل از سه راهی بهار
753284,,تویسرکان,همدان,گنجنامه
753294,آزادراه,ساوه,همدان,چپقلو
753295,,صالح آباد,همدان,صالح آباد) (متناظر توزین
753301,,صالح آباد,قروه,
753302,,کوریجان,سه راهی پایگاه نوژه,
753303,,کوریجان,قهاوند,حدفاصل تقاطع آزادراه - قهاوند
753351,,قروه,صالح آباد,
753352,,سه راهی پایگاه نوژه,کوریجان,
753353,,قهاوند,کوریجان,حدفاصل تقاطع آزادراه - قهاوند
753401,,تویسرکان,کنگاور,
753402,,بهار,لاله جین,
753451,,کنگاور,تویسرکان,
753452,,لاله جین,بهار,
753501,,رزن,سه‌راهی روعان,
753508,,همدان,کوریجان,
753551,,سه‌راهی روعان,رزن,
753558,,کوریجان,همدان,متناظر توزین
753601,,شیرین سو,زرین رود,
753602,,گلتپه,بیجار,
753604,,کبودرآهنگ,شیرین سو,
753605,,کبودر آهنگ,سه راهی پایگاه نوژه,
753606,,گل تپه,علیصدر,
753607,,کبوتر آهنگ,گل تپه,
753651,,زرین رود,شیرین سو,
753652,,بیجار,گلتپه,
753654,,شیرین سو,کبودرآهنگ,
753655,,سه راهی پایگاه نوژه,کبودر آهنگ,
753656,,علیصدر,گل تپه,
753657,,گل تپه,کبوتر آهنگ,
753703,,ملایر,بروجرد,
753704,,ملایر,اراک,
753716,,جوکار,ملایر,ملایر
753753,,بروجرد,ملایر,
753754,,اراک,ملایر,
753766,,ملایر,جوکار,ملایر) (متناظر توزین
753801,,کنگاور,نهاوند,
753802,,رزن,آوج,
753803,,نهاوند,سه راهی بروجرد,
753804,,نهاوند,ملایر,
753805,,نهاوند,سه‌راهی شوشاب,
753851,,نهاوند,کنگاور,
753852,,آوج,رزن,
753853,,سه راهی بروجرد,نهاوند,
753854,,ملایر,نهاوند,
753855,,سه‌راهی شوشاب,نهاوند,
753901,,فامنین,روعان,
753951,,روعان,فامنین,
773101,,شهرکرد,سورشجان,
773103,,بروجن,سفیددشت,
773105,,شهرکرد,سامان,
773106,,شهرکرد,اصفهان,تونل رخ
773107,,شهرکرد,نافچ,
773108,,سامان,تیران,سامان
773109,,هارونی,سورشجان,
773110,,جونقان,سه راهی جونقان,
773111,,سورشجان,فارسان,
773112,,بن,داران,
773113,,صادق آباد,یاسه چای,مرز استان
773114,,شهرکرد,کمربندی سامان,آرامستان
773151,,سورشجان,شهرکرد,
773153,,سفیددشت,بروجن,
773155,,سامان,شهرکرد,
773156,,اصفهان,شهرکرد,تونل رخ
773157,,نافچ,شهرکرد,
773158,,تیران,سامان,سامان
773159,,سورشجان,هارونی,
773160,,سه راهی جونقان,جونقان,
773161,,فارسان,سورشجان,
773162,,داران,بن,
773163,,یاسه چای,صادق آباد,مرز استان
773164,کمربندی,سامان (آرامستان),شهرکرد,
773202,,دشتک,مسجد سلیمان,
773203,,ناغان,سد کارون 4,
773206,,شهرکرد,فرخشهر,
773207,,شلمزار,ناغان,
773220,,سه راهی خوزستان,کیان,
773222,,شهرکرد,شلمزار,خراجی
773252,,مسجد سلیمان,دشتک,
773253,,سد کارون 4,ناغان,
773256,,فرخشهر,شهرکرد,
773257,,ناغان,شلمزار,
773270,,کیان,سه راهی خوزستان,
773272,,شلمزار,شهرکرد,خراجی
773301,,بروجن,شهرضا,بروجن
773303,,بروجن,مبارکه,بروجن
773304,,سفیددشت,زرین شهر,
773305,,گندمان,بلداجی,بلداجی
773306,,سفید دشت,شهرکرد,
773307,,گندمان,گوشکی,
773319,,بروجن,گندمان,متناظر توزین
773351,,شهرضا,بروجن,بروجن
773353,,مبارکه,بروجن,بروجن
773354,,زرین شهر,سفیددشت,
773355,,بلداجی,گندمان,بلداجی
773356,,شهرکرد,سفید دشت,
773357,,گوشکی,گندمان,
773369,,گندمان,بروجن,
773401,,فارسان,چلگرد,فارسان
773402,,دشتک,سه‌راهی بهشت‌آباد,
773405,,چادگان,چلگرد,مرز استان
773451,,چلگرد,فارسان,فارسان
773452,,سه‌راهی بهشت‌آباد,دشتک,
773455,,چلگرد,چادگان,مرز استان
773501,,گوشکی,مالخلیفه,
773502,,لردگان,دهدز,
773503,,لردگان,گوشکی,آلونی
773504,,مال خلیفه,سمیرم,
773507,,لردگان,دهدز,تونل قتح
773508,,قرح,پاتاوه,
773551,,مالخلیفه,گوشکی,
773552,,دهدز,لردگان,
773553,,گوشکی,لردگان,آلونی
773554,,سمیرم,مال خلیفه,
773557,,دهدز,لردگان,تونل فتح
773558,,پاتاوه,قرح,
813101,,خرم‌آباد,پلدختر,خرم‌آباد
813102,,خرم‌آباد,سه‌راهی چالان چولان,بروجرد
813104,,سه راهی چالان چولان,دورود,
813105,,خرم آباد,سه راهی الشتر,
813107,آزادراه,خرم‌آباد,اندیمشک,خرم‌آباد - پل زال
813109,,خرم آباد,بیرانشهر,
813110,,خرم‌آباد,دوره چگنی,
813111,,خرم آباد,سپیددشت,
813112,,پل دختر,کوهدشت,سه راهی بابازید - سه راهی زانوگه
813119,,سه راهی الشتر,الشتر,
813128,,دوره چگنی,کوهدشت,
813151,,پلدختر,خرم‌آباد,خرم‌آباد
813152,,سه‌راهی چالان چولان,خرم‌آباد,بروجرد
813154,,دورود,سه راهی چالان چولان,
813155,,سه راهی الشتر,خرم آباد,
813157,آزادراه,اندیمشک,خرم‌آباد,پل زال - خرم‌آباد
813159,,بیرانشهر,خرم آباد,
813160,,دوره چگنی,خرم‌آباد,
813161,,سپیددشت,خرم آباد,
813162,,کوهدشت,پل دختر,سه راهی زانوگه - سه راهی بابازید
813169,,الشتر,سه راهی الشتر,
813178,,کوهدشت,دوره چگنی,
813201,,فیروزآباد,نورآباد,
813202,,الشتر,فیروزآباد,
813208,,خرم‌آباد,پلدختر,چم انجیر
813209,,خرم‌آباد,سه‌راهی چالان چولان,مله سرخه) (متناظر توزین
813251,,نورآباد,فیروزآباد,
813252,,فیروزآباد,الشتر,
813258,,پلدختر,خرم‌آباد,چم انجیر) (متناظر توزین
813259,,سه‌راهی چالان چولان,خرم‌آباد,مله سرخه
813301,,اندیمشک,پلدختر,
813302,,سه راهی زانوگه,پل سیمره,
813304,,پلدختر,بابازید,
813305,,پلدختر,دره شهر,سراب حمام
813351,,پلدختر,اندیمشک,
813352,,پل سیمره,سه راهی زانوگه,
813354,,بابازید,پلدختر,
813355,,دره شهر,پلدختر,سراب حمام
813401,,الیگودرز,داران,الیگودرز - بویین میاندشت
813402,,الیگودرز,خمین,الیگودرز
813451,,داران,الیگودرز,بویین میاندشت - الیگودرز
813452,,خمین,الیگودرز,الیگودرز
813501,,ازنا,دورود,
813502,,ازنا,الیگودرز,
813503,,ازنا,شازند,ازنا
813551,,دورود,ازنا,
813552,,الیگودرز,ازنا,متناظر توزین
813553,,شازند,ازنا,ازنا
813601,,بروجرد,توره,سه‌راهی بروجرد
813602,,بروجرد,سه راهی چالان چولان,
813603,,بروجرد,اشترینان,
813604,,بروجرد,بیرانشهر,
813605,کمربندی,جنوبی خرم آباد,,شمال به جنوب
813610,,اشترینان,ملایر,
813617,آزادراه,بروجرد,اراک,
813651,,توره,بروجرد,سه‌راهی بروجرد
813652,,سه راهی چالان چولان,بروجرد,
813653,,اشترینان,بروجرد,
813654,,بیرانشهر,بروجرد,
813655,کمربندی,جنوبی خرم آباد,,جنوب به شمال
813660,,ملایر,اشترینان,
813667,آزادراه,اراک,بروجرد,
813701,,نورآباد,هرسین,
813702,,نهاوند,سه راهی نور آباد,
813751,,هرسین,نورآباد,
813752,,سه راهی نور آباد,نهاوند,
813901,,کوهدشت,سه راهی زانوگه,
813951,,سه راهی زانوگه,کوهدشت,
833101,,چوار,ایوان,
833104,,ایلام,بدره,
833105,,مهران,مرز مهران,
833106,,ایلام,سرابله,
833112,,ایلام,ملکشاهی,
833151,,ایوان,چوار,
833154,,بدره,ایلام,
833155,,مرز مهران,مهران,
833156,,سرابله,ایلام,
833162,,ملکشاهی,ایلام,
833201,,ایوان,اسلام‌آباد,ایوان - زرنه
833210,,ایلام,کرمانشاه,قلاجه
833211,,زرنه,سومار,
833221,,ایلام,صالح آباد,مهدی آباد
833222,,ایلام,چوار,
833223,,ایلام,مهران,صالح آباد
833251,,اسلام‌آباد,ایوان,چهارمله - ایوان
833260,,کرمانشاه(قلاجه),ایلام,
833261,,سومار,زرنه,
833271,,صالح آباد,ایلام,مهدی آباد
833272,,چوار,ایلام,
833273,,مهران,ایلام,صالح آباد
833302,,دره شهر,پلدختر,دره شهر - پل گاومیشان
833304,,بدره,دره شهر,
833305,,دره شهر,آبدانان,
833306,,سه راهی ملکشاهی,بدره,
833352,,پلدختر,دره شهر,پل گاومیشان - دره شهر
833354,,دره شهر,بدره,
833355,,آبدانان,دره شهر,
833356,,بدره,سه راهی ملکشاهی,
833403,,آبدانان,مورموری,
833453,,مورموری,آبدانان,
833502,,دهلران,اندیمشک,دهلران - دشت عباس
833503,,سه راهی کاور,دهلران,
833552,,اندیمشک,دهلران,دشت عباس - دهلران
833553,,دهلران,سه راهی کاور,
833602,,سرابله,پل سیمره,
833608,,سرابله,سه راهی چهارمله,
833610,,سه راهی عالی آباد,لومار,
833611,,سه راهی شباب,حمیل,
833616,,ایلام,پل سیمره,
833652,,پل سیمره,سرابله,
833658,,سه راهی چهارمله,سرابله,
833660,,لومار,سه راهی عالی آباد,
833661,,حمیل,سه راهی شباب,
833666,,پل سیمره,ایلام,
833701,,صالح‌آباد,مهران,گلان
833702,,مهران,دهلران,
833703,,مهران,ملکشاهی,سه راهی بانرحمان
833704,,مهران,ملکشاهی,
833705,,مهران,صالح‌آباد,رضاآباد
833706,,سه راهی آذر,ترمینال برکت,
833707,,مهران,ترمینال برکت,
833711,,سه راهی آذر,پایانه برکت,
833751,,مهران,صالح‌آباد,گلان
833752,,دهلران,مهران,
833753,,ملکشاهی,مهران,سه راهی بانرحمان
833754,,ملکشاهی,مهران,
833755,,صالح‌آباد,مهران,رضاآباد
833756,,ترمینال برکت,سه راهی آذر,
833757,,ترمینال برکت,مهران,
833761,,پایانه برکت,سه راهی آذر,
853101,,یاسوج,بابا میدان,
853103,,یاسوج,سپیدان,
853105,,یاسوج,پاتاوه,
853107,,یاسوج,سی سخت,
853108,,یاسوج,اقلید,یاسوج
853111,,یاسوج,سپیدار,
853151,,بابامیدان,یاسوج,
853153,,سپیدان,یاسوج,
853155,,پاتاوه,یاسوج,
853157,,سی سخت,یاسوج,
853158,,اقلید,یاسوج,یاسوج
853161,,سپیدار,یاسوج,
853201,,دهدشت,چرام,
853214,,یاسوج,پاتاوه,کمربندی یاسوج
853215,,بهمئی,بهبهان,
853251,,چرام,دهدشت,
853264,,پاتاوه,یاسوج,کمربندی یاسوج
853265,,بهبهان,بهمئی,
853301,,گچساران,بابامیدان,بوستان
853302,,دهدشت,بهبهان,
853303,,گچساران,بهبهان,سعادت آباد
853306,,باشت,چرام,
853311,,یاسوج,بابامیدان,بابامیدان
853312,,گچساران,بهبهان,گچساران - خیرآباد
853314,,گچساران,دیلم,
853351,,بابامیدان,گچساران,بوستان
853352,,بهبهان,دهدشت,
853353,,بهبهان,گچساران,سعادت آباد
853356,,چرام,باشت,
853361,,بابامیدان,یاسوج,بابامیدان
853362,,بهبهان,گچساران,خیرآباد - گچساران
853364,,دیلم,گچساران,
853401,,سه‌راهی سمیرم,پاتاوه,
853403,,پاتاوه,دهدشت,
853404,,یاسوج,چیتاپ,
853451,,پاتاوه,سه‌راهی سمیرم,
853453,,دهدست,پاتاوه,
853454,,چیتاپ,یاسوج,
873101,,سرخه,آرادان,
873102,,سمنان,مهدیشهر,
873103,,سمنان,فیروزکوه,افتر
873104,,سمنان,دامغان,قوشه - دامغان
873105,,سمنان,سرخه,
873106,,شهمیرزاد,فولاد محله,
873115,,مهدیشهر,شهمیرزاد,
873151,,آرادان,سرخه,
873152,,مهدیشهر,سمنان,
873153,,فیروزکوه,سمنان,افتر
873154,,دامغان,سمنان,دامغان - قوشه
873155,,سرخه,سمنان,
873156,,فولاد محله,شهمیرزاد,
873165,,شهمیرزاد,مهدیشهر,
873202,,دامغان,سمنان,صید آباد) (متناظر توزین
873203,,دامغان,معلمان,
873204,,دامغان,چشمه علی,
873205,,سمنان,دامغان,سمنان - قوشه
873228,,سه راهی فولادمحله,کیاسر,
873229,,سه راهی بیارجمند,بیارجمند,
873230,,سمنان,دامغان,کمربندی سمنان) (متناظر توزین
873253,,معلمان,دامغان,
873254,,چشمه علی,دامغان,
873255,,دامغان,سمنان,قوشه - سمنان
873278,,کیاسر,سه راهی فولادمحله,
873279,,بیارجمند,سه راهی بیارجمند,
873280,,دامغان,سمنان,کمربندی سمنان
873301,,شاهرود,میامی,متناظر توزین
873302,,شاهرود,دامغان,دهملا - دامغان
873303,,شاهرود,آزادشهر,بسطام - خوش ییلاق
873305,,میامی,ری آباد,
873306,,میامی,کاهک,
873307,,معلمان,جندق,
873308,,دامغان,شاهرود,دهملا - شاهرود
873327,,شاهرود,بسطام,
873328,,شاهرود,گرگان,
873329,,شاهرود,طرود,معلمان
873351,,میامی,شاهرود,
873352,,دامغان,شاهرود,دامغان - دهملا
873353,,آزادشهر,شاهرود,خوش ییلاق - بسطام
873355,,ری آباد,میامی,
873356,,کاهک,میامی,
873357,,جندق,معلمان,
873358,,شاهرود,دامغان,شاهرود - دهملا
873377,,بسطام,شاهرود,
873378,,گرگان,شاهرود,
873379,,طرود,شاهرود,معلمان
873402,,شریف آباد,ایوانکی,
873403,,ایوانکی,گرمسار,
873404,آزادراه,قم,گرمسار,گرمسار
873405,,گرمسار,آرادان,
873415,,ایوانکی,آبسرد,ایوانکی - دوآب
873452,,ایوانکی,شریف‌آباد,
873453,,گرمسار,ایوانکی,
873454,آزادراه,گرمسار,قم,گرمسار) (متناظر توزین
873455,,آرادان,گرمسار,
873465,,آبسرد,ایوانکی,دوآب - ایوانکی
913101,,اردبیل,آستارا,گیلانده - نمین) (متناظر توزین
913102,,اردبیل,خلخال,اردبیل
913103,,اردبیل,سرعین,
913104,,اردبیل,گرمی,اردبیل - سه‌راه مشکین‌شهر
913106,,سه‌راهی خلخال,سرچم,کجل
913108,,نیر,سراب,نیر
913151,,آستارا,اردبیل,نمین - گیلانده
913152,,خلخال,اردبیل,اردبیل
913153,,سرعین,اردبیل,
913154,,گرمی,اردبیل,سه‌راه مشکین‌شهر - اردبیل
913156,,سرچم,سه‌راهی خلخال,کجل
913158,,سراب,نیر,نیر
913201,,اردبیل,نیر,نیر
913203,,اردبیل,آبی بیگلو,
913218,,هیر,سه راهی فاراب,
913225,,اردبیل,نیر,اردبیل
913226,,اردبیل,آستارا,اردبیل - گیلانده
913227,,اردبیل,خلخال,
913228,,اردبیل,سرعین,ارجستان
913229,,اردبیل,گرمی,رضی - گرمی
913251,,نیر,اردبیل,نیر
913253,,آبی بیگلو,اردبیل,
913268,,سه راهی فاراب,هیر,
913275,,نیر,اردبیل,اردبیل
913276,,آستارا,اردبیل,گیلانده - اردبیل
913277,,خلخال,اردبیل,متناظر توزین
913278,,سرعین,اردبیل,ارجستان
913279,,گرمی,اردبیل,گرمی - رضی
913301,,اردبیل,آستارا,تونل حیران - آق چای
913351,,آستارا,اردبیل,آق چای - تونل حیران
913401,,بیله سوار,سه راهی بیله سوار,
913402,,سه راهی بیله سوار,گرمی,
913405,,جعفرآباد,پارس آباد,
913451,,سه راهی بیله سوار,بیله سوار,
913452,,گرمی,سه راهی بیله سوار,
913455,,پارس آباد,جعفرآباد,
913501,,سه‌راهی سربند,بران,
913502,,سه‌راهی سربند,اصلاندوز,
913503,,اردبیل,مشکین‌شهر,سه‌راهی مشکین‌شهر - لاهرود
913507,,اصلاندوز,کلیبر,
913509,,اردبیل,آستارا,نمین - تونل حیران
913510,,جعفرآباد,بیله سوار,
913511,,بران,قره‌آغاج,
913517,,پارس آباد,سه راهی سربند,
913551,,بران,سه‌راهی سربند,
913552,,اصلاندوز,سه‌راهی سربند,
913553,,مشکین‌شهر,اردبیل,لاهرود - سه‌راهی مشکین‌شهر
913557,,کلیبر,اصلاندوز,
913559,,آستارا,اردبیل,تونل حیران - نمین
913560,,بیله سوار,جعفرآباد,
913561,,قره‌آغاج,بران,
913567,,سه راهی سربند,پارس آباد,
913601,,خلخال,اسالم,راهدارخانه الماس
913602,,خلخال,اسالم,مجره
913603,,سه راهی سرچم,خلخال,
913607,,خلخال,کوثر,
913651,,اسالم,خلخال,راهدارخانه الماس
913652,,اسالم,خلخال,مجره
913653,,خلخال,سه راهی سرچم,
913657,,کوثر,خلخال,
913701,,اردبیل,کوثر,فاراب
913751,,کوثر ( فاراب),اردبیل,
913801,,قره آغاج,اونگوت,
913803,,قره آغاج,سه راه لاهرود,
913851,,اونگوت,قره آغاج,
913853,,سه راه لاهرود,قره آغاج,
913901,,مشگین شهر,اهر,
913904,,گرمی,اردبیل,رضی - سه‌راه مشکین‌شهر
913906,,سه‌راهی لاهرود,مشکین‌شهر,
913911,,مشکین شهر,کنگرلو,
913951,,اهر,مشگین شهر,
913954,,اردبیل,گرمی,سه‌راه مشکین‌شهر - رضی
913956,,مشکین‌شهر,سه‌راهی لاهرود,
913961,,کنگرلو,مشکین شهر,
933105,کمربندی,یزد,زارچ,
933106,,یزد,مهریز,
933107,,یزد,فولادآلیاژی,
933108,,یزد,خویدک,
933109,,یزد,تفت,
933110,,یزد,بافق,فهرج
933115,,یزد,خرانق,
933117,,یزد,ندوشن,فولاد آلیاژی
933118,کمربندی,یزد,تفت,
933155,کمربندی,زارچ,یزد,
933156,,مهریز,یزد,
933157,,فولادآلیاژی,یزد,
933158,,خویدک,یزد,
933159,,تفت,یزد,
933160,,بافق,یزد,فهرج
933165,,خرانق,یزد,
933167,,ندوشن,یزد,فولاد آلیاژی
933168,کمربندی,تفت,یزد,
933201,,عقدا,نائین,عقدا) (متناظر توزین
933202,,یزد,خضرآباد,
933209,,یزد,مهریز,متناظر توزین
933210,,خویدک,عسکریه,
933211,,ندوشن,نصرآباد,سه راهی شواز
933251,,نائین,عقدا,عقدا
933252,,خضرآباد,یزد,
933259,,مهریز,یزد,متناظر توزین
933260,,عسکریه,خویدک,
933261,,نصرآباد,ندوشن,سه راهی شواز
933302,,اردکان,چوپانان,
933303,,اردکان,عقدا,
933304,,رباط پشت بادام,خور,
933352,,چوپانان,اردکان,
933353,,عقدا,اردکان,
933354,,خور,رباط پشت بادام,
933401,,بافق,نوق,
933402,,بافق,یزد,ذوب روی
933403,,بهاباد,چادرملو,
933404,,بهاباد,آسفیج,
933405,,بافق,بهاباد,
933406,,بافق,بهاباد,سه راهی چاهون
933451,,نوق,بافق,
933452,,یزد,بافق,ذوب روی
933453,,چادرملو,بهاباد,
933454,,آسفیج,بهاباد,
933455,,بهاباد,بافق,
933456,,بهاباد,بافق,سه راهی چاهون
933502,,تفت,دهشیر,اسلامیه
933503,,فیض‌آباد,سانیج,
933504,,تفت,ده بالا,
933505,,دهشیر,مهریز,
933552,,دهشیر,تفت,اسلامیه
933553,,سانیج,فیض‌آباد,
933554,,ده بالا,تفت,
933555,,مهریز,دهشیر,
933601,,ابرکوه,سه راهی سورمق,
933603,,ابرکوه,دهشیر,
933612,,مروست,ابرکوه,
933613,,ابرکوه,جرقوییه,
933651,,سه راهی سورمق,ابرکوه,
933653,,دهشیر,ابرکوه,
933662,,ابرکوه,مروست,
933663,,جرقوییه,ابرکوه,
933701,,مهریز,خاتم,
933702,,مهریز,انار,مهریز
933703,,مهریز,منشاد,
933704,,مهریز,کنجکوه,
933713,,مهریز,انار,مرز استان
933714,,مهریز,مروست,
933715,,بهاباد,کوهبنان,مرز استان
933751,,خاتم,مهریز,
933752,,انار,مهریز,مهریز
933753,,منشاد,مهریز,
933754,,کنجکوه,مهریز,
933763,,انار,مهریز,مرز استان
933764,,مروست,مهریز,
933765,,کوهبنان,بهاباد,مرز استان
933801,کمربندی,شرقی میبد,اردکان,
933802,,یزد,میبد,
933803,کمربندی,غربی میبد,اردکان,
933804,,میبد,ندوشن,
933851,کمربندی,شرقی اردکان,میبد,
933852,,میبد,یزد,
933853,کمربندی,غربی اردکان,میبد,
933854,,ندوشن,میبد,
933904,,یزد,طبس,چادرملو
933905,,یزد,طبس,ساغند
933906,,یزد,طبس,بیاضیه
933954,,طبس,یزد,چادرملو
933955,,طبس,یزد,ساغند
933956,,طبس,یزد,بیاضیه
934101,,هرات,شهربابک,
934102,,هرات,مروست,
934103,,هرات,نیریز,
934104,,سه راهی هرابرجان,بوانات,توتک
934108,,ابرکوه,صفاشهر,مرز استان
934151,,شهربابک,هرات,
934152,,مروست,هرات,
934153,,نیریز,هرات,
934154,,بوانات,سه راهی هرابرجان,توتک
934158,,صفاشهر,ابرکوه,مرز استان
953101,,بوشهر,چغادک,چغادک
953102,,بوشهر,دیر,عامری
953103,,بوشهر,گناوه,
953114,,خروجی بوشهر (بوشهر,چغادک),
953115,,عالی شهر,نیروگاه اتمی,
953127,,بوشهر,دلوار,
953128,,چغادک,اهرم,
953151,,چغادک,بوشهر,چغادک
953152,,دیر,بوشهر,عامری
953153,,گناوه,بوشهر,
953164,,,,
953165,,نیروگاه اتمی,عالی شهر,
953177,,دلوار,بوشهر,
953178,,اهرم,چغادک,
953201,,چغادک,خورموج,خورموج
953202,,اهرم,فراشبند,
953214,,بوشهر,برازجان,متناظر توزین
953251,,خورموج,چغادک,خورموج
953252,,فراشبند,اهرم,
953264,,برازجان,بوشهر,متناظر توزین
953302,,دیر(جاده ساحلی),بردخون کهنه,
953352,,بردخون کهنه,دیر,جاده ساحلی
953401,,برازجان,کازرون,برازجان - دالکی) (متناظر توزین
953402,,برازجان,اهرم,
953404,,برازجان,کازرون,دالکی - کنارتخته
953418,,برازجان,ابپخش,
953451,,کازرون,برازجان,دالکی - برازجان
953452,,اهرم,برازجان,
953454,,کازرون,برازجان,کنارتخته - دالکی
953468,,ابپخش,برازجان,
953504,,خورموج,کنگان,خورموج
953554,,کنگان,خورموج,خورموج
953601,,کنگان,عسلویه,
953602,,بندر سیراف,جم,
953604,,جم,فیروزآباد,جم
953605,,دیر,کنگان,متناظر توزین
953611,,عسلویه,سیراف,
953612,,سه راهی دیر,بردستان,
953616,,عسلویه,لامرد,مرز استان
953617,,عسلویه,پارسیان,مرز استان
953651,,عسلویه,کنگان,
953652,,جم,بندر سیراف,
953654,,فیروزآباد,جم,جم
953655,,کنگان,دیر,
953661,,سیراف,عسلویه,
953662,,بردستان,سه راهی دیر,
953666,,لامرد,عسلویه,مرز استان
953667,,پارسیان,عسلویه,مرز استان
953702,,گناوه,دیلم,
953704,,سعدآباد,وحدتیه,
953705,,گناوه,سیاه مکان,
953709,,گناوه,برازجان,
953752,,دیلم,گناوه,
953754,,وحدتیه,سعدآباد,
953755,,سیاه مکان,گناوه,
953759,,برازجان,گناوه,
953801,,دیلم,هندیجان,
953802,,دیلم,بهبهان,
953851,,هندیجان,دیلم,
953852,,بهبهان,دیلم,
973101,جاده قدیم,گرگان,کردکوی,
973102,,گرگان,کردکوی,
973103,,آق قلا,اینچه برون,
973105,,گرگان,علی آباد,
973106,,گرگان,آق قلا,
973107,,گرگان,شاهرود,توسکستان
973151,جاده قدیم,کردکوی,گرگان,
973152,,کردکوی,گرگان,
973153,,اینچه برون,آق قلا,
973155,,علی آباد,گرگان,
973156,,آق قلا,گرگان,
973157,,شاهرود,گرگان,توسکستان
973201,,بندرترکمن,آق قلا,
973202,,بندر ترکمن,سه راهی یساقی,
973204,,بندر ترکمن,کردکوی,
973205,,بندر ترکمن,گمیشان,
973251,,آق قلا,بندرترکمن,
973252,,سه راهی یساقی,بندر ترکمن,
973254,,کردکوی,بندر ترکمن,
973255,,گمیشان,بندر ترکمن,
973301,,علی آباد,آزادشهر,
973308,,گرگان,علی آباد,متناظر توزین
973351,,آزادشهر,علی آباد,
973358,,علی آباد,گرگان,
973401,,کردکوی,گلوگاه,
973451,,گلوگاه,کردکوی,
973501,,آزادشهر,شاهرود,آزادشهر - خوش ییلاق
973502,,گنبد,اینچه برون,
973503,,گنبد,مینودشت,
973505,,اینچه برون,مرز پل,
973506,,گنبد,سه راهی کلاله,
973551,,شاهرود,آزادشهر,خوش ییلاق - آزادشهر
973552,,اینچه برون,گنبد,
973553,,مینودشت,گنبد,
973555,,مرزپل,اینچه برون,
973556,,سه راهی کلاله,گنبد,
973601,,مینودشت,گالیکش,
973651,,گالیکش,مینودشت,
973802,,آق قلا,گنبد,
973852,,گنبد,آق قلا,
973901,,آزادشهر,مینودشت,
973902,,آزادشهر,گنبد,
973903,,آزادشهر,شاهرود,خوش ییلاق
973904,,تنگراه,جنگل گلستان,
973951,,مینودشت,آزادشهر,
973952,,گنبد,آزادشهر,
973953,,شاهرود,آزادشهر,خوش ییلاق
973954,,جنگل گلستان,تنگراه,
974201,,سه‌راهی کلاله,تنگراه,
974202,,کلاله,مراوه تپه,
974203,,کلاله,سه راهی کلاله,
974251,,تنگراه,سه‌راهی کلاله,
974252,,مراوه تپه,کلاله,
974253,,سه راهی کلاله,کلاله,
